,Date,Longitude,Latitude,Temp
0,2023-04-01,-122.0,48.0,278.773
1,2023-04-01,-122.0,48.25,276.929
2,2023-04-01,-122.0,48.5,275.673
3,2023-04-01,-122.0,48.75,273.709
4,2023-04-01,-122.0,49.0,276.019
5,2023-04-01,-121.75,48.0,275.819
6,2023-04-01,-121.75,48.25,274.799
7,2023-04-01,-121.75,48.5,274.809
8,2023-04-01,-121.75,48.75,272.409
9,2023-04-01,-121.75,49.0,273.059
10,2023-04-01,-121.5,48.0,273.499
11,2023-04-01,-121.5,48.25,274.679
12,2023-04-01,-121.5,48.5,274.779
13,2023-04-01,-121.5,48.75,272.569
14,2023-04-01,-121.5,49.0,271.879
15,2023-04-01,-121.25,48.0,272.149
16,2023-04-01,-121.25,48.25,272.719
17,2023-04-01,-121.25,48.5,272.769
18,2023-04-01,-121.25,48.75,272.599
19,2023-04-01,-121.25,49.0,272.329
20,2023-04-01,-121.0,48.0,271.459
21,2023-04-01,-121.0,48.25,270.789
22,2023-04-01,-121.0,48.5,270.919
23,2023-04-01,-121.0,48.75,272.489
24,2023-04-01,-121.0,49.0,273.169
25,2023-04-01,-120.75,48.0,272.149
26,2023-04-01,-120.75,48.25,271.489
27,2023-04-01,-120.75,48.5,270.489
28,2023-04-01,-120.75,48.75,271.229
29,2023-04-01,-120.75,49.0,271.859
30,2023-04-01,-120.5,48.0,272.519
31,2023-04-01,-120.5,48.25,272.289
32,2023-04-01,-120.5,48.5,272.059
33,2023-04-01,-120.5,48.75,270.819
34,2023-04-01,-120.5,49.0,271.169
35,2023-04-01,-120.25,48.0,275.473
36,2023-04-01,-120.25,48.25,274.773
37,2023-04-01,-120.25,48.5,274.573
38,2023-04-01,-120.25,48.75,270.773
39,2023-04-01,-120.25,49.0,269.279
40,2023-04-01,-120.0,48.0,279.173
41,2023-04-01,-120.0,48.25,277.673
42,2023-04-01,-120.0,48.5,273.273
43,2023-04-01,-120.0,48.75,270.509
44,2023-04-01,-120.0,49.0,269.849
45,2023-04-01,-119.75,48.0,281.173
46,2023-04-01,-119.75,48.25,279.073
47,2023-04-01,-119.75,48.5,275.673
48,2023-04-01,-119.75,48.75,274.173
49,2023-04-01,-119.75,49.0,274.773
50,2023-04-01,-119.5,48.0,281.173
51,2023-04-01,-119.5,48.25,280.073
52,2023-04-01,-119.5,48.5,280.073
53,2023-04-01,-119.5,48.75,280.273
54,2023-04-01,-119.5,49.0,279.173
55,2023-04-01,-119.25,48.0,280.873
56,2023-04-01,-119.25,48.25,278.873
57,2023-04-01,-119.25,48.5,275.673
58,2023-04-01,-119.25,48.75,276.873
59,2023-04-01,-119.25,49.0,275.473
60,2023-04-01,-119.0,48.0,280.573
61,2023-04-01,-119.0,48.25,277.473
62,2023-04-01,-119.0,48.5,274.373
63,2023-04-01,-119.0,48.75,273.673
64,2023-04-01,-119.0,49.0,274.473
65,2023-04-02,-122.0,48.0,278.261
66,2023-04-02,-122.0,48.25,276.474
67,2023-04-02,-122.0,48.5,275.874
68,2023-04-02,-122.0,48.75,273.574
69,2023-04-02,-122.0,49.0,275.774
70,2023-04-02,-121.75,48.0,275.161
71,2023-04-02,-121.75,48.25,274.461
72,2023-04-02,-121.75,48.5,275.761
73,2023-04-02,-121.75,48.75,271.961
74,2023-04-02,-121.75,49.0,272.861
75,2023-04-02,-121.5,48.0,272.361
76,2023-04-02,-121.5,48.25,274.561
77,2023-04-02,-121.5,48.5,274.461
78,2023-04-02,-121.5,48.75,272.261
79,2023-04-02,-121.5,49.0,272.161
80,2023-04-02,-121.25,48.0,271.261
81,2023-04-02,-121.25,48.25,272.061
82,2023-04-02,-121.25,48.5,272.061
83,2023-04-02,-121.25,48.75,272.461
84,2023-04-02,-121.25,49.0,272.961
85,2023-04-02,-121.0,48.0,270.661
86,2023-04-02,-121.0,48.25,269.861
87,2023-04-02,-121.0,48.5,270.661
88,2023-04-02,-121.0,48.75,272.561
89,2023-04-02,-121.0,49.0,274.061
90,2023-04-02,-120.75,48.0,271.261
91,2023-04-02,-120.75,48.25,270.761
92,2023-04-02,-120.75,48.5,270.161
93,2023-04-02,-120.75,48.75,270.761
94,2023-04-02,-120.75,49.0,271.961
95,2023-04-02,-120.5,48.0,271.561
96,2023-04-02,-120.5,48.25,270.961
97,2023-04-02,-120.5,48.5,270.361
98,2023-04-02,-120.5,48.75,269.461
99,2023-04-02,-120.5,49.0,270.361
100,2023-04-02,-120.25,48.0,274.574
101,2023-04-02,-120.25,48.25,273.474
102,2023-04-02,-120.25,48.5,274.374
103,2023-04-02,-120.25,48.75,269.961
104,2023-04-02,-120.25,49.0,268.161
105,2023-04-02,-120.0,48.0,278.474
106,2023-04-02,-120.0,48.25,275.874
107,2023-04-02,-120.0,48.5,272.474
108,2023-04-02,-120.0,48.75,269.761
109,2023-04-02,-120.0,49.0,268.461
110,2023-04-02,-119.75,48.0,280.574
111,2023-04-02,-119.75,48.25,278.474
112,2023-04-02,-119.75,48.5,274.374
113,2023-04-02,-119.75,48.75,273.274
114,2023-04-02,-119.75,49.0,273.774
115,2023-04-02,-119.5,48.0,280.874
116,2023-04-02,-119.5,48.25,279.974
117,2023-04-02,-119.5,48.5,279.074
118,2023-04-02,-119.5,48.75,279.574
119,2023-04-02,-119.5,49.0,278.774
120,2023-04-02,-119.25,48.0,280.474
121,2023-04-02,-119.25,48.25,278.874
122,2023-04-02,-119.25,48.5,275.074
123,2023-04-02,-119.25,48.75,276.274
124,2023-04-02,-119.25,49.0,275.274
125,2023-04-02,-119.0,48.0,280.174
126,2023-04-02,-119.0,48.25,277.874
127,2023-04-02,-119.0,48.5,273.974
128,2023-04-02,-119.0,48.75,273.274
129,2023-04-02,-119.0,49.0,275.461
130,2023-04-03,-122.0,48.0,278.95
131,2023-04-03,-122.0,48.25,277.13
132,2023-04-03,-122.0,48.5,276.897
133,2023-04-03,-122.0,48.75,274.697
134,2023-04-03,-122.0,49.0,276.197
135,2023-04-03,-121.75,48.0,275.58
136,2023-04-03,-121.75,48.25,275.497
137,2023-04-03,-121.75,48.5,276.897
138,2023-04-03,-121.75,48.75,273.197
139,2023-04-03,-121.75,49.0,271.997
140,2023-04-03,-121.5,48.0,272.45
141,2023-04-03,-121.5,48.25,275.197
142,2023-04-03,-121.5,48.5,275.697
143,2023-04-03,-121.5,48.75,272.797
144,2023-04-03,-121.5,49.0,270.997
145,2023-04-03,-121.25,48.0,270.997
146,2023-04-03,-121.25,48.25,271.7
147,2023-04-03,-121.25,48.5,272.097
148,2023-04-03,-121.25,48.75,272.297
149,2023-04-03,-121.25,49.0,272.397
150,2023-04-03,-121.0,48.0,270.697
151,2023-04-03,-121.0,48.25,269.52
152,2023-04-03,-121.0,48.5,270.097
153,2023-04-03,-121.0,48.75,272.197
154,2023-04-03,-121.0,49.0,273.397
155,2023-04-03,-120.75,48.0,272.197
156,2023-04-03,-120.75,48.25,270.897
157,2023-04-03,-120.75,48.5,270.097
158,2023-04-03,-120.75,48.75,269.997
159,2023-04-03,-120.75,49.0,270.897
160,2023-04-03,-120.5,48.0,272.697
161,2023-04-03,-120.5,48.25,271.997
162,2023-04-03,-120.5,48.5,271.897
163,2023-04-03,-120.5,48.75,270.397
164,2023-04-03,-120.5,49.0,269.997
165,2023-04-03,-120.25,48.0,275.897
166,2023-04-03,-120.25,48.25,275.297
167,2023-04-03,-120.25,48.5,275.997
168,2023-04-03,-120.25,48.75,271.397
169,2023-04-03,-120.25,49.0,268.397
170,2023-04-03,-120.0,48.0,279.697
171,2023-04-03,-120.0,48.25,278.897
172,2023-04-03,-120.0,48.5,273.797
173,2023-04-03,-120.0,48.75,270.897
174,2023-04-03,-120.0,49.0,268.997
175,2023-04-03,-119.75,48.0,280.397
176,2023-04-03,-119.75,48.25,279.997
177,2023-04-03,-119.75,48.5,275.797
178,2023-04-03,-119.75,48.75,274.497
179,2023-04-03,-119.75,49.0,274.997
180,2023-04-03,-119.5,48.0,280.197
181,2023-04-03,-119.5,48.25,280.497
182,2023-04-03,-119.5,48.5,280.197
183,2023-04-03,-119.5,48.75,280.597
184,2023-04-03,-119.5,49.0,280.197
185,2023-04-03,-119.25,48.0,280.197
186,2023-04-03,-119.25,48.25,279.697
187,2023-04-03,-119.25,48.5,276.697
188,2023-04-03,-119.25,48.75,277.597
189,2023-04-03,-119.25,49.0,276.697
190,2023-04-03,-119.0,48.0,280.297
191,2023-04-03,-119.0,48.25,278.697
192,2023-04-03,-119.0,48.5,275.697
193,2023-04-03,-119.0,48.75,274.697
194,2023-04-03,-119.0,49.0,276.697
195,2023-04-04,-122.0,48.0,281.025
196,2023-04-04,-122.0,48.25,278.425
197,2023-04-04,-122.0,48.5,277.225
198,2023-04-04,-122.0,48.75,275.425
199,2023-04-04,-122.0,49.0,278.725
200,2023-04-04,-121.75,48.0,277.225
201,2023-04-04,-121.75,48.25,276.425
202,2023-04-04,-121.75,48.5,277.225
203,2023-04-04,-121.75,48.75,274.525
204,2023-04-04,-121.75,49.0,274.025
205,2023-04-04,-121.5,48.0,273.625
206,2023-04-04,-121.5,48.25,277.625
207,2023-04-04,-121.5,48.5,277.525
208,2023-04-04,-121.5,48.75,274.525
209,2023-04-04,-121.5,49.0,272.825
210,2023-04-04,-121.25,48.0,272.125
211,2023-04-04,-121.25,48.25,273.525
212,2023-04-04,-121.25,48.5,273.925
213,2023-04-04,-121.25,48.75,273.925
214,2023-04-04,-121.25,49.0,273.925
215,2023-04-04,-121.0,48.0,271.825
216,2023-04-04,-121.0,48.25,270.525
217,2023-04-04,-121.0,48.5,271.225
218,2023-04-04,-121.0,48.75,273.425
219,2023-04-04,-121.0,49.0,274.625
220,2023-04-04,-120.75,48.0,273.325
221,2023-04-04,-120.75,48.25,271.825
222,2023-04-04,-120.75,48.5,270.825
223,2023-04-04,-120.75,48.75,270.925
224,2023-04-04,-120.75,49.0,271.525
225,2023-04-04,-120.5,48.0,274.325
226,2023-04-04,-120.5,48.25,272.825
227,2023-04-04,-120.5,48.5,272.725
228,2023-04-04,-120.5,48.75,270.925
229,2023-04-04,-120.5,49.0,270.025
230,2023-04-04,-120.25,48.0,276.225
231,2023-04-04,-120.25,48.25,275.825
232,2023-04-04,-120.25,48.5,276.525
233,2023-04-04,-120.25,48.75,271.725
234,2023-04-04,-120.25,49.0,268.425
235,2023-04-04,-120.0,48.0,279.425
236,2023-04-04,-120.0,48.25,278.725
237,2023-04-04,-120.0,48.5,274.225
238,2023-04-04,-120.0,48.75,270.725
239,2023-04-04,-120.0,49.0,269.125
240,2023-04-04,-119.75,48.0,280.225
241,2023-04-04,-119.75,48.25,279.725
242,2023-04-04,-119.75,48.5,276.125
243,2023-04-04,-119.75,48.75,274.625
244,2023-04-04,-119.75,49.0,274.825
245,2023-04-04,-119.5,48.0,280.483
246,2023-04-04,-119.5,48.25,280.225
247,2023-04-04,-119.5,48.5,279.925
248,2023-04-04,-119.5,48.75,280.425
249,2023-04-04,-119.5,49.0,279.825
250,2023-04-04,-119.25,48.0,280.325
251,2023-04-04,-119.25,48.25,279.625
252,2023-04-04,-119.25,48.5,276.225
253,2023-04-04,-119.25,48.75,277.325
254,2023-04-04,-119.25,49.0,276.525
255,2023-04-04,-119.0,48.0,280.625
256,2023-04-04,-119.0,48.25,279.125
257,2023-04-04,-119.0,48.5,275.225
258,2023-04-04,-119.0,48.75,274.525
259,2023-04-04,-119.0,49.0,276.825
260,2023-04-05,-122.0,48.0,283.416
261,2023-04-05,-122.0,48.25,281.716
262,2023-04-05,-122.0,48.5,281.116
263,2023-04-05,-122.0,48.75,278.916
264,2023-04-05,-122.0,49.0,279.916
265,2023-04-05,-121.75,48.0,281.616
266,2023-04-05,-121.75,48.25,280.216
267,2023-04-05,-121.75,48.5,281.116
268,2023-04-05,-121.75,48.75,275.516
269,2023-04-05,-121.75,49.0,275.816
270,2023-04-05,-121.5,48.0,275.016
271,2023-04-05,-121.5,48.25,280.116
272,2023-04-05,-121.5,48.5,279.516
273,2023-04-05,-121.5,48.75,275.016
274,2023-04-05,-121.5,49.0,274.316
275,2023-04-05,-121.25,48.0,273.416
276,2023-04-05,-121.25,48.25,275.316
277,2023-04-05,-121.25,48.5,275.016
278,2023-04-05,-121.25,48.75,274.316
279,2023-04-05,-121.25,49.0,274.816
280,2023-04-05,-121.0,48.0,273.216
281,2023-04-05,-121.0,48.25,272.216
282,2023-04-05,-121.0,48.5,272.516
283,2023-04-05,-121.0,48.75,274.616
284,2023-04-05,-121.0,49.0,275.216
285,2023-04-05,-120.75,48.0,274.816
286,2023-04-05,-120.75,48.25,273.816
287,2023-04-05,-120.75,48.5,272.316
288,2023-04-05,-120.75,48.75,272.516
289,2023-04-05,-120.75,49.0,272.416
290,2023-04-05,-120.5,48.0,275.216
291,2023-04-05,-120.5,48.25,275.416
292,2023-04-05,-120.5,48.5,274.416
293,2023-04-05,-120.5,48.75,272.416
294,2023-04-05,-120.5,49.0,271.916
295,2023-04-05,-120.25,48.0,277.216
296,2023-04-05,-120.25,48.25,276.416
297,2023-04-05,-120.25,48.5,275.616
298,2023-04-05,-120.25,48.75,272.416
299,2023-04-05,-120.25,49.0,271.116
300,2023-04-05,-120.0,48.0,280.016
301,2023-04-05,-120.0,48.25,278.216
302,2023-04-05,-120.0,48.5,274.316
303,2023-04-05,-120.0,48.75,271.516
304,2023-04-05,-120.0,49.0,271.716
305,2023-04-05,-119.75,48.0,281.716
306,2023-04-05,-119.75,48.25,279.516
307,2023-04-05,-119.75,48.5,276.516
308,2023-04-05,-119.75,48.75,275.516
309,2023-04-05,-119.75,49.0,275.816
310,2023-04-05,-119.5,48.0,281.916
311,2023-04-05,-119.5,48.25,281.216
312,2023-04-05,-119.5,48.5,280.616
313,2023-04-05,-119.5,48.75,280.816
314,2023-04-05,-119.5,49.0,279.916
315,2023-04-05,-119.25,48.0,281.516
316,2023-04-05,-119.25,48.25,280.516
317,2023-04-05,-119.25,48.5,276.916
318,2023-04-05,-119.25,48.75,278.016
319,2023-04-05,-119.25,49.0,277.016
320,2023-04-05,-119.0,48.0,281.316
321,2023-04-05,-119.0,48.25,279.416
322,2023-04-05,-119.0,48.5,275.916
323,2023-04-05,-119.0,48.75,275.416
324,2023-04-05,-119.0,49.0,277.916
325,2023-04-06,-122.0,48.0,283.09
326,2023-04-06,-122.0,48.25,281.4
327,2023-04-06,-122.0,48.5,280.45
328,2023-04-06,-122.0,48.75,278.48
329,2023-04-06,-122.0,49.0,282.19
330,2023-04-06,-121.75,48.0,282.6
331,2023-04-06,-121.75,48.25,282.76
332,2023-04-06,-121.75,48.5,283.5
333,2023-04-06,-121.75,48.75,278.29
334,2023-04-06,-121.75,49.0,279.24
335,2023-04-06,-121.5,48.0,278.66
336,2023-04-06,-121.5,48.25,283.19
337,2023-04-06,-121.5,48.5,283.67
338,2023-04-06,-121.5,48.75,278.84
339,2023-04-06,-121.5,49.0,277.74
340,2023-04-06,-121.25,48.0,275.44
341,2023-04-06,-121.25,48.25,278.73
342,2023-04-06,-121.25,48.5,279.37
343,2023-04-06,-121.25,48.75,278.92
344,2023-04-06,-121.25,49.0,278.41
345,2023-04-06,-121.0,48.0,273.81
346,2023-04-06,-121.0,48.25,275.12
347,2023-04-06,-121.0,48.5,275.17
348,2023-04-06,-121.0,48.75,277.42
349,2023-04-06,-121.0,49.0,278.34
350,2023-04-06,-120.75,48.0,274.75
351,2023-04-06,-120.75,48.25,274.63
352,2023-04-06,-120.75,48.5,273.31
353,2023-04-06,-120.75,48.75,272.91
354,2023-04-06,-120.75,49.0,275.23
355,2023-04-06,-120.5,48.0,274.49
356,2023-04-06,-120.5,48.25,274.75
357,2023-04-06,-120.5,48.5,273.95
358,2023-04-06,-120.5,48.75,272.21
359,2023-04-06,-120.5,49.0,273.32
360,2023-04-06,-120.25,48.0,276.94
361,2023-04-06,-120.25,48.25,275.52
362,2023-04-06,-120.25,48.5,275.66
363,2023-04-06,-120.25,48.75,272.13
364,2023-04-06,-120.25,49.0,271.86
365,2023-04-06,-120.0,48.0,280.08
366,2023-04-06,-120.0,48.25,278.88
367,2023-04-06,-120.0,48.5,274.67
368,2023-04-06,-120.0,48.75,272.22
369,2023-04-06,-120.0,49.0,271.71
370,2023-04-06,-119.75,48.0,282.19
371,2023-04-06,-119.75,48.25,280.63
372,2023-04-06,-119.75,48.5,276.52
373,2023-04-06,-119.75,48.75,275.44
374,2023-04-06,-119.75,49.0,275.5
375,2023-04-06,-119.5,48.0,282.1
376,2023-04-06,-119.5,48.25,282.03
377,2023-04-06,-119.5,48.5,280.93
378,2023-04-06,-119.5,48.75,280.68
379,2023-04-06,-119.5,49.0,279.61
380,2023-04-06,-119.25,48.0,281.59
381,2023-04-06,-119.25,48.25,280.31
382,2023-04-06,-119.25,48.5,276.98
383,2023-04-06,-119.25,48.75,277.92
384,2023-04-06,-119.25,49.0,277.22
385,2023-04-06,-119.0,48.0,281.19
386,2023-04-06,-119.0,48.25,278.91
387,2023-04-06,-119.0,48.5,275.7
388,2023-04-06,-119.0,48.75,275.02
389,2023-04-06,-119.0,49.0,277.17
390,2023-04-07,-122.0,48.0,283.943
391,2023-04-07,-122.0,48.25,281.543
392,2023-04-07,-122.0,48.5,280.743
393,2023-04-07,-122.0,48.75,278.177
394,2023-04-07,-122.0,49.0,280.197
395,2023-04-07,-121.75,48.0,280.027
396,2023-04-07,-121.75,48.25,280.243
397,2023-04-07,-121.75,48.5,279.667
398,2023-04-07,-121.75,48.75,276.217
399,2023-04-07,-121.75,49.0,276.777
400,2023-04-07,-121.5,48.0,276.887
401,2023-04-07,-121.5,48.25,279.117
402,2023-04-07,-121.5,48.5,279.467
403,2023-04-07,-121.5,48.75,276.143
404,2023-04-07,-121.5,49.0,275.843
405,2023-04-07,-121.25,48.0,274.743
406,2023-04-07,-121.25,48.25,276.827
407,2023-04-07,-121.25,48.5,277.207
408,2023-04-07,-121.25,48.75,276.437
409,2023-04-07,-121.25,49.0,276.207
410,2023-04-07,-121.0,48.0,274.943
411,2023-04-07,-121.0,48.25,274.243
412,2023-04-07,-121.0,48.5,274.343
413,2023-04-07,-121.0,48.75,276.087
414,2023-04-07,-121.0,49.0,276.467
415,2023-04-07,-120.75,48.0,275.543
416,2023-04-07,-120.75,48.25,274.543
417,2023-04-07,-120.75,48.5,274.343
418,2023-04-07,-120.75,48.75,274.343
419,2023-04-07,-120.75,49.0,275.243
420,2023-04-07,-120.5,48.0,275.043
421,2023-04-07,-120.5,48.25,274.143
422,2023-04-07,-120.5,48.5,273.843
423,2023-04-07,-120.5,48.75,273.343
424,2023-04-07,-120.5,49.0,274.943
425,2023-04-07,-120.25,48.0,275.043
426,2023-04-07,-120.25,48.25,274.243
427,2023-04-07,-120.25,48.5,274.057
428,2023-04-07,-120.25,48.75,273.243
429,2023-04-07,-120.25,49.0,273.543
430,2023-04-07,-120.0,48.0,275.943
431,2023-04-07,-120.0,48.25,275.143
432,2023-04-07,-120.0,48.5,274.043
433,2023-04-07,-120.0,48.75,273.343
434,2023-04-07,-120.0,49.0,273.043
435,2023-04-07,-119.75,48.0,278.143
436,2023-04-07,-119.75,48.25,276.943
437,2023-04-07,-119.75,48.5,274.843
438,2023-04-07,-119.75,48.75,274.043
439,2023-04-07,-119.75,49.0,274.243
440,2023-04-07,-119.5,48.0,278.843
441,2023-04-07,-119.5,48.25,277.943
442,2023-04-07,-119.5,48.5,277.5
443,2023-04-07,-119.5,48.75,277.2
444,2023-04-07,-119.5,49.0,276.643
445,2023-04-07,-119.25,48.0,279.721
446,2023-04-07,-119.25,48.25,278.121
447,2023-04-07,-119.25,48.5,275.521
448,2023-04-07,-119.25,48.75,275.443
449,2023-04-07,-119.25,49.0,275.097
450,2023-04-07,-119.0,48.0,279.143
451,2023-04-07,-119.0,48.25,276.8
452,2023-04-07,-119.0,48.5,274.121
453,2023-04-07,-119.0,48.75,274.297
454,2023-04-07,-119.0,49.0,275.447
455,2023-04-08,-122.0,48.0,283.35
456,2023-04-08,-122.0,48.25,280.96
457,2023-04-08,-122.0,48.5,280.02
458,2023-04-08,-122.0,48.75,278.47
459,2023-04-08,-122.0,49.0,280.38
460,2023-04-08,-121.75,48.0,279.43
461,2023-04-08,-121.75,48.25,278.57
462,2023-04-08,-121.75,48.5,279.34
463,2023-04-08,-121.75,48.75,275.89
464,2023-04-08,-121.75,49.0,276.14
465,2023-04-08,-121.5,48.0,276.076
466,2023-04-08,-121.5,48.25,278.176
467,2023-04-08,-121.5,48.5,277.9
468,2023-04-08,-121.5,48.75,275.28
469,2023-04-08,-121.5,49.0,274.55
470,2023-04-08,-121.25,48.0,274.776
471,2023-04-08,-121.25,48.25,276.176
472,2023-04-08,-121.25,48.5,276.076
473,2023-04-08,-121.25,48.75,274.97
474,2023-04-08,-121.25,49.0,275.13
475,2023-04-08,-121.0,48.0,274.576
476,2023-04-08,-121.0,48.25,273.676
477,2023-04-08,-121.0,48.5,273.976
478,2023-04-08,-121.0,48.75,274.676
479,2023-04-08,-121.0,49.0,275.62
480,2023-04-08,-120.75,48.0,275.776
481,2023-04-08,-120.75,48.25,274.376
482,2023-04-08,-120.75,48.5,273.676
483,2023-04-08,-120.75,48.75,273.676
484,2023-04-08,-120.75,49.0,274.176
485,2023-04-08,-120.5,48.0,275.576
486,2023-04-08,-120.5,48.25,274.776
487,2023-04-08,-120.5,48.5,273.776
488,2023-04-08,-120.5,48.75,272.83
489,2023-04-08,-120.5,49.0,273.83
490,2023-04-08,-120.25,48.0,277.176
491,2023-04-08,-120.25,48.25,275.576
492,2023-04-08,-120.25,48.5,275.576
493,2023-04-08,-120.25,48.75,272.99
494,2023-04-08,-120.25,49.0,272.65
495,2023-04-08,-120.0,48.0,281.076
496,2023-04-08,-120.0,48.25,279.376
497,2023-04-08,-120.0,48.5,275.176
498,2023-04-08,-120.0,48.75,273.1
499,2023-04-08,-120.0,49.0,272.77
500,2023-04-08,-119.75,48.0,283.776
501,2023-04-08,-119.75,48.25,281.376
502,2023-04-08,-119.75,48.5,276.676
503,2023-04-08,-119.75,48.75,275.576
504,2023-04-08,-119.75,49.0,276.476
505,2023-04-08,-119.5,48.0,283.776
506,2023-04-08,-119.5,48.25,283.076
507,2023-04-08,-119.5,48.5,281.776
508,2023-04-08,-119.5,48.75,281.376
509,2023-04-08,-119.5,49.0,280.676
510,2023-04-08,-119.25,48.0,283.476
511,2023-04-08,-119.25,48.25,281.976
512,2023-04-08,-119.25,48.5,278.276
513,2023-04-08,-119.25,48.75,279.276
514,2023-04-08,-119.25,49.0,277.876
515,2023-04-08,-119.0,48.0,283.176
516,2023-04-08,-119.0,48.25,280.776
517,2023-04-08,-119.0,48.5,276.676
518,2023-04-08,-119.0,48.75,275.676
519,2023-04-08,-119.0,49.0,278.076
520,2023-04-09,-122.0,48.0,282.448
521,2023-04-09,-122.0,48.25,281.948
522,2023-04-09,-122.0,48.5,280.248
523,2023-04-09,-122.0,48.75,278.248
524,2023-04-09,-122.0,49.0,279.248
525,2023-04-09,-121.75,48.0,280.048
526,2023-04-09,-121.75,48.25,279.348
527,2023-04-09,-121.75,48.5,279.148
528,2023-04-09,-121.75,48.75,275.348
529,2023-04-09,-121.75,49.0,275.448
530,2023-04-09,-121.5,48.0,276.548
531,2023-04-09,-121.5,48.25,278.448
532,2023-04-09,-121.5,48.5,278.548
533,2023-04-09,-121.5,48.75,275.248
534,2023-04-09,-121.5,49.0,274.448
535,2023-04-09,-121.25,48.0,274.448
536,2023-04-09,-121.25,48.25,275.648
537,2023-04-09,-121.25,48.5,275.948
538,2023-04-09,-121.25,48.75,275.048
539,2023-04-09,-121.25,49.0,274.648
540,2023-04-09,-121.0,48.0,273.991
541,2023-04-09,-121.0,48.25,273.848
542,2023-04-09,-121.0,48.5,274.348
543,2023-04-09,-121.0,48.75,275.148
544,2023-04-09,-121.0,49.0,275.048
545,2023-04-09,-120.75,48.0,275.148
546,2023-04-09,-120.75,48.25,274.448
547,2023-04-09,-120.75,48.5,274.348
548,2023-04-09,-120.75,48.75,273.948
549,2023-04-09,-120.75,49.0,274.548
550,2023-04-09,-120.5,48.0,275.748
551,2023-04-09,-120.5,48.25,275.248
552,2023-04-09,-120.5,48.5,273.748
553,2023-04-09,-120.5,48.75,272.648
554,2023-04-09,-120.5,49.0,273.848
555,2023-04-09,-120.25,48.0,278.161
556,2023-04-09,-120.25,48.25,276.148
557,2023-04-09,-120.25,48.5,275.641
558,2023-04-09,-120.25,48.75,273.248
559,2023-04-09,-120.25,49.0,273.048
560,2023-04-09,-120.0,48.0,282.148
561,2023-04-09,-120.0,48.25,280.621
562,2023-04-09,-120.0,48.5,276.171
563,2023-04-09,-120.0,48.75,273.648
564,2023-04-09,-120.0,49.0,273.248
565,2023-04-09,-119.75,48.0,285.148
566,2023-04-09,-119.75,48.25,282.441
567,2023-04-09,-119.75,48.5,278.221
568,2023-04-09,-119.75,48.75,276.011
569,2023-04-09,-119.75,49.0,276.741
570,2023-04-09,-119.5,48.0,285.748
571,2023-04-09,-119.5,48.25,284.248
572,2023-04-09,-119.5,48.5,282.881
573,2023-04-09,-119.5,48.75,282.681
574,2023-04-09,-119.5,49.0,281.301
575,2023-04-09,-119.25,48.0,285.948
576,2023-04-09,-119.25,48.25,283.048
577,2023-04-09,-119.25,48.5,278.691
578,2023-04-09,-119.25,48.75,279.841
579,2023-04-09,-119.25,49.0,278.121
580,2023-04-09,-119.0,48.0,285.648
581,2023-04-09,-119.0,48.25,281.548
582,2023-04-09,-119.0,48.5,277.221
583,2023-04-09,-119.0,48.75,276.491
584,2023-04-09,-119.0,49.0,278.521
585,2023-04-10,-122.0,48.0,283.186
586,2023-04-10,-122.0,48.25,281.986
587,2023-04-10,-122.0,48.5,281.386
588,2023-04-10,-122.0,48.75,279.386
589,2023-04-10,-122.0,49.0,280.686
590,2023-04-10,-121.75,48.0,280.086
591,2023-04-10,-121.75,48.25,279.886
592,2023-04-10,-121.75,48.5,279.686
593,2023-04-10,-121.75,48.75,276.186
594,2023-04-10,-121.75,49.0,276.586
595,2023-04-10,-121.5,48.0,276.659
596,2023-04-10,-121.5,48.25,278.486
597,2023-04-10,-121.5,48.5,278.186
598,2023-04-10,-121.5,48.75,275.586
599,2023-04-10,-121.5,49.0,274.386
600,2023-04-10,-121.25,48.0,274.786
601,2023-04-10,-121.25,48.25,275.786
602,2023-04-10,-121.25,48.5,275.886
603,2023-04-10,-121.25,48.75,274.986
604,2023-04-10,-121.25,49.0,273.559
605,2023-04-10,-121.0,48.0,274.859
606,2023-04-10,-121.0,48.25,273.886
607,2023-04-10,-121.0,48.5,273.786
608,2023-04-10,-121.0,48.75,273.986
609,2023-04-10,-121.0,49.0,273.959
610,2023-04-10,-120.75,48.0,276.259
611,2023-04-10,-120.75,48.25,274.559
612,2023-04-10,-120.75,48.5,273.659
613,2023-04-10,-120.75,48.75,273.459
614,2023-04-10,-120.75,49.0,273.759
615,2023-04-10,-120.5,48.0,276.459
616,2023-04-10,-120.5,48.25,275.059
617,2023-04-10,-120.5,48.5,274.659
618,2023-04-10,-120.5,48.75,274.159
619,2023-04-10,-120.5,49.0,274.259
620,2023-04-10,-120.25,48.0,277.859
621,2023-04-10,-120.25,48.25,276.459
622,2023-04-10,-120.25,48.5,276.659
623,2023-04-10,-120.25,48.75,274.759
624,2023-04-10,-120.25,49.0,274.059
625,2023-04-10,-120.0,48.0,281.086
626,2023-04-10,-120.0,48.25,278.959
627,2023-04-10,-120.0,48.5,277.059
628,2023-04-10,-120.0,48.75,274.959
629,2023-04-10,-120.0,49.0,274.559
630,2023-04-10,-119.75,48.0,284.386
631,2023-04-10,-119.75,48.25,281.686
632,2023-04-10,-119.75,48.5,278.459
633,2023-04-10,-119.75,48.75,277.359
634,2023-04-10,-119.75,49.0,277.259
635,2023-04-10,-119.5,48.0,284.986
636,2023-04-10,-119.5,48.25,284.486
637,2023-04-10,-119.5,48.5,282.786
638,2023-04-10,-119.5,48.75,280.586
639,2023-04-10,-119.5,49.0,279.159
640,2023-04-10,-119.25,48.0,284.486
641,2023-04-10,-119.25,48.25,282.386
642,2023-04-10,-119.25,48.5,278.686
643,2023-04-10,-119.25,48.75,278.559
644,2023-04-10,-119.25,49.0,277.559
645,2023-04-10,-119.0,48.0,283.386
646,2023-04-10,-119.0,48.25,280.186
647,2023-04-10,-119.0,48.5,276.859
648,2023-04-10,-119.0,48.75,276.459
649,2023-04-10,-119.0,49.0,277.559
650,2023-04-11,-122.0,48.0,280.591
651,2023-04-11,-122.0,48.25,278.427
652,2023-04-11,-122.0,48.5,277.327
653,2023-04-11,-122.0,48.75,275.927
654,2023-04-11,-122.0,49.0,277.627
655,2023-04-11,-121.75,48.0,277.627
656,2023-04-11,-121.75,48.25,276.227
657,2023-04-11,-121.75,48.5,276.527
658,2023-04-11,-121.75,48.75,274.427
659,2023-04-11,-121.75,49.0,274.327
660,2023-04-11,-121.5,48.0,274.527
661,2023-04-11,-121.5,48.25,275.327
662,2023-04-11,-121.5,48.5,275.627
663,2023-04-11,-121.5,48.75,274.127
664,2023-04-11,-121.5,49.0,273.527
665,2023-04-11,-121.25,48.0,273.727
666,2023-04-11,-121.25,48.25,273.927
667,2023-04-11,-121.25,48.5,273.927
668,2023-04-11,-121.25,48.75,273.827
669,2023-04-11,-121.25,49.0,273.627
670,2023-04-11,-121.0,48.0,274.127
671,2023-04-11,-121.0,48.25,273.227
672,2023-04-11,-121.0,48.5,273.327
673,2023-04-11,-121.0,48.75,273.527
674,2023-04-11,-121.0,49.0,273.927
675,2023-04-11,-120.75,48.0,275.627
676,2023-04-11,-120.75,48.25,273.627
677,2023-04-11,-120.75,48.5,273.327
678,2023-04-11,-120.75,48.75,273.127
679,2023-04-11,-120.75,49.0,273.427
680,2023-04-11,-120.5,48.0,276.527
681,2023-04-11,-120.5,48.25,274.127
682,2023-04-11,-120.5,48.5,274.027
683,2023-04-11,-120.5,48.75,273.527
684,2023-04-11,-120.5,49.0,274.027
685,2023-04-11,-120.25,48.0,277.927
686,2023-04-11,-120.25,48.25,276.891
687,2023-04-11,-120.25,48.5,277.691
688,2023-04-11,-120.25,48.75,274.527
689,2023-04-11,-120.25,49.0,273.627
690,2023-04-11,-120.0,48.0,281.391
691,2023-04-11,-120.0,48.25,280.991
692,2023-04-11,-120.0,48.5,276.327
693,2023-04-11,-120.0,48.75,274.427
694,2023-04-11,-120.0,49.0,273.927
695,2023-04-11,-119.75,48.0,283.191
696,2023-04-11,-119.75,48.25,282.891
697,2023-04-11,-119.75,48.5,278.491
698,2023-04-11,-119.75,48.75,277.191
699,2023-04-11,-119.75,49.0,277.691
700,2023-04-11,-119.5,48.0,283.291
701,2023-04-11,-119.5,48.25,283.591
702,2023-04-11,-119.5,48.5,282.591
703,2023-04-11,-119.5,48.75,283.291
704,2023-04-11,-119.5,49.0,281.491
705,2023-04-11,-119.25,48.0,283.191
706,2023-04-11,-119.25,48.25,282.191
707,2023-04-11,-119.25,48.5,278.491
708,2023-04-11,-119.25,48.75,279.691
709,2023-04-11,-119.25,49.0,278.291
710,2023-04-11,-119.0,48.0,283.291
711,2023-04-11,-119.0,48.25,280.891
712,2023-04-11,-119.0,48.5,277.391
713,2023-04-11,-119.0,48.75,276.791
714,2023-04-11,-119.0,49.0,278.491
715,2023-04-12,-122.0,48.0,283.354
716,2023-04-12,-122.0,48.25,280.354
717,2023-04-12,-122.0,48.5,279.454
718,2023-04-12,-122.0,48.75,277.054
719,2023-04-12,-122.0,49.0,280.554
720,2023-04-12,-121.75,48.0,279.854
721,2023-04-12,-121.75,48.25,276.154
722,2023-04-12,-121.75,48.5,279.354
723,2023-04-12,-121.75,48.75,274.954
724,2023-04-12,-121.75,49.0,274.954
725,2023-04-12,-121.5,48.0,274.354
726,2023-04-12,-121.5,48.25,275.454
727,2023-04-12,-121.5,48.5,277.354
728,2023-04-12,-121.5,48.75,274.654
729,2023-04-12,-121.5,49.0,272.754
730,2023-04-12,-121.25,48.0,272.654
731,2023-04-12,-121.25,48.25,272.654
732,2023-04-12,-121.25,48.5,273.554
733,2023-04-12,-121.25,48.75,274.154
734,2023-04-12,-121.25,49.0,273.054
735,2023-04-12,-121.0,48.0,272.654
736,2023-04-12,-121.0,48.25,270.854
737,2023-04-12,-121.0,48.5,271.554
738,2023-04-12,-121.0,48.75,273.454
739,2023-04-12,-121.0,49.0,273.954
740,2023-04-12,-120.75,48.0,275.054
741,2023-04-12,-120.75,48.25,272.054
742,2023-04-12,-120.75,48.5,271.454
743,2023-04-12,-120.75,48.75,271.254
744,2023-04-12,-120.75,49.0,271.454
745,2023-04-12,-120.5,48.0,275.954
746,2023-04-12,-120.5,48.25,273.354
747,2023-04-12,-120.5,48.5,272.754
748,2023-04-12,-120.5,48.75,271.254
749,2023-04-12,-120.5,49.0,270.654
750,2023-04-12,-120.25,48.0,278.854
751,2023-04-12,-120.25,48.25,277.554
752,2023-04-12,-120.25,48.5,277.854
753,2023-04-12,-120.25,48.75,272.454
754,2023-04-12,-120.25,49.0,269.254
755,2023-04-12,-120.0,48.0,281.054
756,2023-04-12,-120.0,48.25,281.554
757,2023-04-12,-120.0,48.5,275.654
758,2023-04-12,-120.0,48.75,272.054
759,2023-04-12,-120.0,49.0,270.054
760,2023-04-12,-119.75,48.0,281.654
761,2023-04-12,-119.75,48.25,281.754
762,2023-04-12,-119.75,48.5,277.754
763,2023-04-12,-119.75,48.75,276.154
764,2023-04-12,-119.75,49.0,276.154
765,2023-04-12,-119.5,48.0,281.454
766,2023-04-12,-119.5,48.25,282.046
767,2023-04-12,-119.5,48.5,281.454
768,2023-04-12,-119.5,48.75,281.854
769,2023-04-12,-119.5,49.0,281.046
770,2023-04-12,-119.25,48.0,281.554
771,2023-04-12,-119.25,48.25,280.754
772,2023-04-12,-119.25,48.5,277.854
773,2023-04-12,-119.25,48.75,278.754
774,2023-04-12,-119.25,49.0,277.846
775,2023-04-12,-119.0,48.0,281.054
776,2023-04-12,-119.0,48.25,279.754
777,2023-04-12,-119.0,48.5,276.254
778,2023-04-12,-119.0,48.75,275.454
779,2023-04-12,-119.0,49.0,277.546
780,2023-04-13,-122.0,48.0,282.665
781,2023-04-13,-122.0,48.25,280.765
782,2023-04-13,-122.0,48.5,279.765
783,2023-04-13,-122.0,48.75,277.965
784,2023-04-13,-122.0,49.0,280.065
785,2023-04-13,-121.75,48.0,279.365
786,2023-04-13,-121.75,48.25,278.065
787,2023-04-13,-121.75,48.5,279.919
788,2023-04-13,-121.75,48.75,275.465
789,2023-04-13,-121.75,49.0,275.265
790,2023-04-13,-121.5,48.0,274.265
791,2023-04-13,-121.5,48.25,278.019
792,2023-04-13,-121.5,48.5,278.719
793,2023-04-13,-121.5,48.75,274.919
794,2023-04-13,-121.5,49.0,273.265
795,2023-04-13,-121.25,48.0,272.565
796,2023-04-13,-121.25,48.25,273.619
797,2023-04-13,-121.25,48.5,274.219
798,2023-04-13,-121.25,48.75,274.319
799,2023-04-13,-121.25,49.0,273.465
800,2023-04-13,-121.0,48.0,272.719
801,2023-04-13,-121.0,48.25,271.219
802,2023-04-13,-121.0,48.5,271.919
803,2023-04-13,-121.0,48.75,273.719
804,2023-04-13,-121.0,49.0,273.965
805,2023-04-13,-120.75,48.0,275.119
806,2023-04-13,-120.75,48.25,272.719
807,2023-04-13,-120.75,48.5,271.619
808,2023-04-13,-120.75,48.75,271.419
809,2023-04-13,-120.75,49.0,271.819
810,2023-04-13,-120.5,48.0,275.719
811,2023-04-13,-120.5,48.25,274.019
812,2023-04-13,-120.5,48.5,273.319
813,2023-04-13,-120.5,48.75,271.619
814,2023-04-13,-120.5,49.0,271.419
815,2023-04-13,-120.25,48.0,277.919
816,2023-04-13,-120.25,48.25,277.919
817,2023-04-13,-120.25,48.5,277.519
818,2023-04-13,-120.25,48.75,272.519
819,2023-04-13,-120.25,49.0,270.419
820,2023-04-13,-120.0,48.0,280.719
821,2023-04-13,-120.0,48.25,280.719
822,2023-04-13,-120.0,48.5,276.019
823,2023-04-13,-120.0,48.75,272.119
824,2023-04-13,-120.0,49.0,271.219
825,2023-04-13,-119.75,48.0,281.219
826,2023-04-13,-119.75,48.25,281.219
827,2023-04-13,-119.75,48.5,277.519
828,2023-04-13,-119.75,48.75,275.419
829,2023-04-13,-119.75,49.0,276.019
830,2023-04-13,-119.5,48.0,281.465
831,2023-04-13,-119.5,48.25,281.465
832,2023-04-13,-119.5,48.5,281.065
833,2023-04-13,-119.5,48.75,281.365
834,2023-04-13,-119.5,49.0,281.019
835,2023-04-13,-119.25,48.0,281.665
836,2023-04-13,-119.25,48.25,280.319
837,2023-04-13,-119.25,48.5,278.019
838,2023-04-13,-119.25,48.75,278.619
839,2023-04-13,-119.25,49.0,278.119
840,2023-04-13,-119.0,48.0,281.565
841,2023-04-13,-119.0,48.25,279.819
842,2023-04-13,-119.0,48.5,277.319
843,2023-04-13,-119.0,48.75,276.719
844,2023-04-13,-119.0,49.0,279.419
845,2023-04-14,-122.0,48.0,285.467
846,2023-04-14,-122.0,48.25,283.267
847,2023-04-14,-122.0,48.5,282.867
848,2023-04-14,-122.0,48.75,280.567
849,2023-04-14,-122.0,49.0,282.167
850,2023-04-14,-121.75,48.0,281.667
851,2023-04-14,-121.75,48.25,281.367
852,2023-04-14,-121.75,48.5,283.667
853,2023-04-14,-121.75,48.75,277.567
854,2023-04-14,-121.75,49.0,277.667
855,2023-04-14,-121.5,48.0,276.667
856,2023-04-14,-121.5,48.25,281.567
857,2023-04-14,-121.5,48.5,281.667
858,2023-04-14,-121.5,48.75,277.467
859,2023-04-14,-121.5,49.0,275.767
860,2023-04-14,-121.25,48.0,275.267
861,2023-04-14,-121.25,48.25,276.567
862,2023-04-14,-121.25,48.5,276.967
863,2023-04-14,-121.25,48.75,276.867
864,2023-04-14,-121.25,49.0,275.967
865,2023-04-14,-121.0,48.0,274.967
866,2023-04-14,-121.0,48.25,273.567
867,2023-04-14,-121.0,48.5,274.167
868,2023-04-14,-121.0,48.75,276.267
869,2023-04-14,-121.0,49.0,276.667
870,2023-04-14,-120.75,48.0,276.767
871,2023-04-14,-120.75,48.25,274.967
872,2023-04-14,-120.75,48.5,273.767
873,2023-04-14,-120.75,48.75,273.567
874,2023-04-14,-120.75,49.0,273.967
875,2023-04-14,-120.5,48.0,276.467
876,2023-04-14,-120.5,48.25,276.267
877,2023-04-14,-120.5,48.5,275.667
878,2023-04-14,-120.5,48.75,273.167
879,2023-04-14,-120.5,49.0,273.067
880,2023-04-14,-120.25,48.0,278.567
881,2023-04-14,-120.25,48.25,278.367
882,2023-04-14,-120.25,48.5,278.967
883,2023-04-14,-120.25,48.75,273.767
884,2023-04-14,-120.25,49.0,271.267
885,2023-04-14,-120.0,48.0,281.467
886,2023-04-14,-120.0,48.25,281.167
887,2023-04-14,-120.0,48.5,277.167
888,2023-04-14,-120.0,48.75,272.967
889,2023-04-14,-120.0,49.0,271.667
890,2023-04-14,-119.75,48.0,282.367
891,2023-04-14,-119.75,48.25,281.767
892,2023-04-14,-119.75,48.5,278.567
893,2023-04-14,-119.75,48.75,276.667
894,2023-04-14,-119.75,49.0,276.067
895,2023-04-14,-119.5,48.0,282.467
896,2023-04-14,-119.5,48.25,282.367
897,2023-04-14,-119.5,48.5,282.067
898,2023-04-14,-119.5,48.75,282.067
899,2023-04-14,-119.5,49.0,281.867
900,2023-04-14,-119.25,48.0,282.167
901,2023-04-14,-119.25,48.25,281.267
902,2023-04-14,-119.25,48.5,278.167
903,2023-04-14,-119.25,48.75,278.967
904,2023-04-14,-119.25,49.0,278.667
905,2023-04-14,-119.0,48.0,282.167
906,2023-04-14,-119.0,48.25,280.567
907,2023-04-14,-119.0,48.5,277.567
908,2023-04-14,-119.0,48.75,276.567
909,2023-04-14,-119.0,49.0,278.867
910,2023-04-15,-122.0,48.0,285.758
911,2023-04-15,-122.0,48.25,283.858
912,2023-04-15,-122.0,48.5,282.559
913,2023-04-15,-122.0,48.75,279.644
914,2023-04-15,-122.0,49.0,282.144
915,2023-04-15,-121.75,48.0,282.544
916,2023-04-15,-121.75,48.25,281.944
917,2023-04-15,-121.75,48.5,282.344
918,2023-04-15,-121.75,48.75,277.544
919,2023-04-15,-121.75,49.0,278.144
920,2023-04-15,-121.5,48.0,279.044
921,2023-04-15,-121.5,48.25,281.944
922,2023-04-15,-121.5,48.5,281.144
923,2023-04-15,-121.5,48.75,277.844
924,2023-04-15,-121.5,49.0,276.644
925,2023-04-15,-121.25,48.0,276.644
926,2023-04-15,-121.25,48.25,278.344
927,2023-04-15,-121.25,48.5,278.644
928,2023-04-15,-121.25,48.75,278.244
929,2023-04-15,-121.25,49.0,277.144
930,2023-04-15,-121.0,48.0,275.144
931,2023-04-15,-121.0,48.25,275.544
932,2023-04-15,-121.0,48.5,276.544
933,2023-04-15,-121.0,48.75,278.444
934,2023-04-15,-121.0,49.0,278.144
935,2023-04-15,-120.75,48.0,276.244
936,2023-04-15,-120.75,48.25,276.244
937,2023-04-15,-120.75,48.5,274.944
938,2023-04-15,-120.75,48.75,274.144
939,2023-04-15,-120.75,49.0,275.344
940,2023-04-15,-120.5,48.0,276.544
941,2023-04-15,-120.5,48.25,275.559
942,2023-04-15,-120.5,48.5,274.958
943,2023-04-15,-120.5,48.75,273.258
944,2023-04-15,-120.5,49.0,274.144
945,2023-04-15,-120.25,48.0,279.044
946,2023-04-15,-120.25,48.25,278.544
947,2023-04-15,-120.25,48.5,278.844
948,2023-04-15,-120.25,48.75,273.659
949,2023-04-15,-120.25,49.0,271.944
950,2023-04-15,-120.0,48.0,282.544
951,2023-04-15,-120.0,48.25,281.544
952,2023-04-15,-120.0,48.5,276.958
953,2023-04-15,-120.0,48.75,273.044
954,2023-04-15,-120.0,49.0,272.444
955,2023-04-15,-119.75,48.0,284.344
956,2023-04-15,-119.75,48.25,283.244
957,2023-04-15,-119.75,48.5,278.844
958,2023-04-15,-119.75,48.75,277.144
959,2023-04-15,-119.75,49.0,277.344
960,2023-04-15,-119.5,48.0,284.844
961,2023-04-15,-119.5,48.25,284.544
962,2023-04-15,-119.5,48.5,283.844
963,2023-04-15,-119.5,48.75,283.044
964,2023-04-15,-119.5,49.0,282.344
965,2023-04-15,-119.25,48.0,284.744
966,2023-04-15,-119.25,48.25,283.744
967,2023-04-15,-119.25,48.5,280.544
968,2023-04-15,-119.25,48.75,281.144
969,2023-04-15,-119.25,49.0,279.944
970,2023-04-15,-119.0,48.0,284.644
971,2023-04-15,-119.0,48.25,282.844
972,2023-04-15,-119.0,48.5,280.144
973,2023-04-15,-119.0,48.75,278.744
974,2023-04-15,-119.0,49.0,280.344
975,2023-04-16,-122.0,48.0,282.448
976,2023-04-16,-122.0,48.25,280.848
977,2023-04-16,-122.0,48.5,279.048
978,2023-04-16,-122.0,48.75,277.231
979,2023-04-16,-122.0,49.0,279.631
980,2023-04-16,-121.75,48.0,279.748
981,2023-04-16,-121.75,48.25,278.648
982,2023-04-16,-121.75,48.5,278.748
983,2023-04-16,-121.75,48.75,275.631
984,2023-04-16,-121.75,49.0,276.331
985,2023-04-16,-121.5,48.0,276.531
986,2023-04-16,-121.5,48.25,278.148
987,2023-04-16,-121.5,48.5,278.148
988,2023-04-16,-121.5,48.75,275.348
989,2023-04-16,-121.5,49.0,274.831
990,2023-04-16,-121.25,48.0,275.131
991,2023-04-16,-121.25,48.25,276.231
992,2023-04-16,-121.25,48.5,276.048
993,2023-04-16,-121.25,48.75,275.148
994,2023-04-16,-121.25,49.0,274.931
995,2023-04-16,-121.0,48.0,274.448
996,2023-04-16,-121.0,48.25,274.248
997,2023-04-16,-121.0,48.5,274.531
998,2023-04-16,-121.0,48.75,275.231
999,2023-04-16,-121.0,49.0,275.331
1000,2023-04-16,-120.75,48.0,275.448
1001,2023-04-16,-120.75,48.25,274.231
1002,2023-04-16,-120.75,48.5,274.031
1003,2023-04-16,-120.75,48.75,273.931
1004,2023-04-16,-120.75,49.0,274.531
1005,2023-04-16,-120.5,48.0,275.548
1006,2023-04-16,-120.5,48.25,274.631
1007,2023-04-16,-120.5,48.5,273.931
1008,2023-04-16,-120.5,48.75,273.131
1009,2023-04-16,-120.5,49.0,274.331
1010,2023-04-16,-120.25,48.0,278.831
1011,2023-04-16,-120.25,48.25,276.831
1012,2023-04-16,-120.25,48.5,277.848
1013,2023-04-16,-120.25,48.75,273.731
1014,2023-04-16,-120.25,49.0,273.331
1015,2023-04-16,-120.0,48.0,282.148
1016,2023-04-16,-120.0,48.25,281.348
1017,2023-04-16,-120.0,48.5,276.448
1018,2023-04-16,-120.0,48.75,273.931
1019,2023-04-16,-120.0,49.0,273.431
1020,2023-04-16,-119.75,48.0,284.248
1021,2023-04-16,-119.75,48.25,283.348
1022,2023-04-16,-119.75,48.5,277.948
1023,2023-04-16,-119.75,48.75,276.248
1024,2023-04-16,-119.75,49.0,276.448
1025,2023-04-16,-119.5,48.0,284.548
1026,2023-04-16,-119.5,48.25,284.248
1027,2023-04-16,-119.5,48.5,283.748
1028,2023-04-16,-119.5,48.75,283.048
1029,2023-04-16,-119.5,49.0,282.031
1030,2023-04-16,-119.25,48.0,284.448
1031,2023-04-16,-119.25,48.25,283.248
1032,2023-04-16,-119.25,48.5,281.331
1033,2023-04-16,-119.25,48.75,281.231
1034,2023-04-16,-119.25,49.0,279.048
1035,2023-04-16,-119.0,48.0,284.448
1036,2023-04-16,-119.0,48.25,282.731
1037,2023-04-16,-119.0,48.5,280.231
1038,2023-04-16,-119.0,48.75,278.231
1039,2023-04-16,-119.0,49.0,279.448
1040,2023-04-17,-122.0,48.0,285.323
1041,2023-04-17,-122.0,48.25,283.423
1042,2023-04-17,-122.0,48.5,279.123
1043,2023-04-17,-122.0,48.75,276.523
1044,2023-04-17,-122.0,49.0,279.423
1045,2023-04-17,-121.75,48.0,281.523
1046,2023-04-17,-121.75,48.25,280.623
1047,2023-04-17,-121.75,48.5,280.123
1048,2023-04-17,-121.75,48.75,274.623
1049,2023-04-17,-121.75,49.0,275.123
1050,2023-04-17,-121.5,48.0,275.723
1051,2023-04-17,-121.5,48.25,279.223
1052,2023-04-17,-121.5,48.5,280.123
1053,2023-04-17,-121.5,48.75,275.323
1054,2023-04-17,-121.5,49.0,273.623
1055,2023-04-17,-121.25,48.0,273.923
1056,2023-04-17,-121.25,48.25,275.523
1057,2023-04-17,-121.25,48.5,276.423
1058,2023-04-17,-121.25,48.75,275.723
1059,2023-04-17,-121.25,49.0,274.523
1060,2023-04-17,-121.0,48.0,273.329
1061,2023-04-17,-121.0,48.25,272.623
1062,2023-04-17,-121.0,48.5,273.523
1063,2023-04-17,-121.0,48.75,275.423
1064,2023-04-17,-121.0,49.0,275.523
1065,2023-04-17,-120.75,48.0,275.129
1066,2023-04-17,-120.75,48.25,273.629
1067,2023-04-17,-120.75,48.5,272.929
1068,2023-04-17,-120.75,48.75,272.829
1069,2023-04-17,-120.75,49.0,273.329
1070,2023-04-17,-120.5,48.0,275.529
1071,2023-04-17,-120.5,48.25,274.629
1072,2023-04-17,-120.5,48.5,273.729
1073,2023-04-17,-120.5,48.75,272.929
1074,2023-04-17,-120.5,49.0,273.529
1075,2023-04-17,-120.25,48.0,278.329
1076,2023-04-17,-120.25,48.25,277.229
1077,2023-04-17,-120.25,48.5,277.623
1078,2023-04-17,-120.25,48.75,273.429
1079,2023-04-17,-120.25,49.0,272.329
1080,2023-04-17,-120.0,48.0,281.929
1081,2023-04-17,-120.0,48.25,281.629
1082,2023-04-17,-120.0,48.5,276.629
1083,2023-04-17,-120.0,48.75,273.329
1084,2023-04-17,-120.0,49.0,272.929
1085,2023-04-17,-119.75,48.0,284.429
1086,2023-04-17,-119.75,48.25,283.529
1087,2023-04-17,-119.75,48.5,278.429
1088,2023-04-17,-119.75,48.75,276.529
1089,2023-04-17,-119.75,49.0,276.229
1090,2023-04-17,-119.5,48.0,285.629
1091,2023-04-17,-119.5,48.25,284.129
1092,2023-04-17,-119.5,48.5,283.629
1093,2023-04-17,-119.5,48.75,282.929
1094,2023-04-17,-119.5,49.0,280.829
1095,2023-04-17,-119.25,48.0,284.929
1096,2023-04-17,-119.25,48.25,282.329
1097,2023-04-17,-119.25,48.5,279.029
1098,2023-04-17,-119.25,48.75,279.629
1099,2023-04-17,-119.25,49.0,278.123
1100,2023-04-17,-119.0,48.0,283.929
1101,2023-04-17,-119.0,48.25,280.829
1102,2023-04-17,-119.0,48.5,278.323
1103,2023-04-17,-119.0,48.75,276.723
1104,2023-04-17,-119.0,49.0,278.523
1105,2023-04-18,-122.0,48.0,281.126
1106,2023-04-18,-122.0,48.25,278.526
1107,2023-04-18,-122.0,48.5,277.158
1108,2023-04-18,-122.0,48.75,275.058
1109,2023-04-18,-122.0,49.0,278.126
1110,2023-04-18,-121.75,48.0,277.058
1111,2023-04-18,-121.75,48.25,276.358
1112,2023-04-18,-121.75,48.5,278.358
1113,2023-04-18,-121.75,48.75,273.558
1114,2023-04-18,-121.75,49.0,273.526
1115,2023-04-18,-121.5,48.0,274.458
1116,2023-04-18,-121.5,48.25,277.358
1117,2023-04-18,-121.5,48.5,277.958
1118,2023-04-18,-121.5,48.75,273.458
1119,2023-04-18,-121.5,49.0,272.458
1120,2023-04-18,-121.25,48.0,272.858
1121,2023-04-18,-121.25,48.25,274.058
1122,2023-04-18,-121.25,48.5,274.658
1123,2023-04-18,-121.25,48.75,273.258
1124,2023-04-18,-121.25,49.0,272.458
1125,2023-04-18,-121.0,48.0,271.658
1126,2023-04-18,-121.0,48.25,270.958
1127,2023-04-18,-121.0,48.5,271.458
1128,2023-04-18,-121.0,48.75,273.058
1129,2023-04-18,-121.0,49.0,273.958
1130,2023-04-18,-120.75,48.0,273.026
1131,2023-04-18,-120.75,48.25,271.626
1132,2023-04-18,-120.75,48.5,271.126
1133,2023-04-18,-120.75,48.75,271.126
1134,2023-04-18,-120.75,49.0,271.758
1135,2023-04-18,-120.5,48.0,273.626
1136,2023-04-18,-120.5,48.25,273.026
1137,2023-04-18,-120.5,48.5,272.326
1138,2023-04-18,-120.5,48.75,271.026
1139,2023-04-18,-120.5,49.0,270.826
1140,2023-04-18,-120.25,48.0,277.426
1141,2023-04-18,-120.25,48.25,276.626
1142,2023-04-18,-120.25,48.5,277.526
1143,2023-04-18,-120.25,48.75,271.826
1144,2023-04-18,-120.25,49.0,269.326
1145,2023-04-18,-120.0,48.0,280.926
1146,2023-04-18,-120.0,48.25,280.926
1147,2023-04-18,-120.0,48.5,275.526
1148,2023-04-18,-120.0,48.75,271.426
1149,2023-04-18,-120.0,49.0,270.126
1150,2023-04-18,-119.75,48.0,282.526
1151,2023-04-18,-119.75,48.25,282.126
1152,2023-04-18,-119.75,48.5,277.526
1153,2023-04-18,-119.75,48.75,276.226
1154,2023-04-18,-119.75,49.0,275.726
1155,2023-04-18,-119.5,48.0,282.426
1156,2023-04-18,-119.5,48.25,282.426
1157,2023-04-18,-119.5,48.5,282.126
1158,2023-04-18,-119.5,48.75,282.326
1159,2023-04-18,-119.5,49.0,280.926
1160,2023-04-18,-119.25,48.0,282.226
1161,2023-04-18,-119.25,48.25,281.326
1162,2023-04-18,-119.25,48.5,277.926
1163,2023-04-18,-119.25,48.75,278.658
1164,2023-04-18,-119.25,49.0,277.658
1165,2023-04-18,-119.0,48.0,282.126
1166,2023-04-18,-119.0,48.25,279.926
1167,2023-04-18,-119.0,48.5,276.958
1168,2023-04-18,-119.0,48.75,275.958
1169,2023-04-18,-119.0,49.0,278.358
1170,2023-04-19,-122.0,48.0,281.3
1171,2023-04-19,-122.0,48.25,279.7
1172,2023-04-19,-122.0,48.5,278.3
1173,2023-04-19,-122.0,48.75,276.3
1174,2023-04-19,-122.0,49.0,278.646
1175,2023-04-19,-121.75,48.0,278.4
1176,2023-04-19,-121.75,48.25,277.9
1177,2023-04-19,-121.75,48.5,278.8
1178,2023-04-19,-121.75,48.75,274.4
1179,2023-04-19,-121.75,49.0,275.6
1180,2023-04-19,-121.5,48.0,274.4
1181,2023-04-19,-121.5,48.25,277.9
1182,2023-04-19,-121.5,48.5,278.2
1183,2023-04-19,-121.5,48.75,274.9
1184,2023-04-19,-121.5,49.0,274.3
1185,2023-04-19,-121.25,48.0,272.5
1186,2023-04-19,-121.25,48.25,273.5
1187,2023-04-19,-121.25,48.5,274.2
1188,2023-04-19,-121.25,48.75,274.6
1189,2023-04-19,-121.25,49.0,274.6
1190,2023-04-19,-121.0,48.0,272.8
1191,2023-04-19,-121.0,48.25,271.7
1192,2023-04-19,-121.0,48.5,272.8
1193,2023-04-19,-121.0,48.75,274.7
1194,2023-04-19,-121.0,49.0,275.6
1195,2023-04-19,-120.75,48.0,274.2
1196,2023-04-19,-120.75,48.25,272.9
1197,2023-04-19,-120.75,48.5,272.5
1198,2023-04-19,-120.75,48.75,272.9
1199,2023-04-19,-120.75,49.0,273.4
1200,2023-04-19,-120.5,48.0,274.7
1201,2023-04-19,-120.5,48.25,274.2
1202,2023-04-19,-120.5,48.5,273.3
1203,2023-04-19,-120.5,48.75,271.9
1204,2023-04-19,-120.5,49.0,272.6
1205,2023-04-19,-120.25,48.0,277.7
1206,2023-04-19,-120.25,48.25,277.1
1207,2023-04-19,-120.25,48.5,278.7
1208,2023-04-19,-120.25,48.75,272.8
1209,2023-04-19,-120.25,49.0,270.6
1210,2023-04-19,-120.0,48.0,280.446
1211,2023-04-19,-120.0,48.25,280.7
1212,2023-04-19,-120.0,48.5,276.3
1213,2023-04-19,-120.0,48.75,272.2
1214,2023-04-19,-120.0,49.0,270.7
1215,2023-04-19,-119.75,48.0,282.1
1216,2023-04-19,-119.75,48.25,281.6
1217,2023-04-19,-119.75,48.5,277.9
1218,2023-04-19,-119.75,48.75,276.7
1219,2023-04-19,-119.75,49.0,276.9
1220,2023-04-19,-119.5,48.0,282.6
1221,2023-04-19,-119.5,48.25,282.3
1222,2023-04-19,-119.5,48.5,282.3
1223,2023-04-19,-119.5,48.75,282.4
1224,2023-04-19,-119.5,49.0,281.7
1225,2023-04-19,-119.25,48.0,282.1
1226,2023-04-19,-119.25,48.25,281.2
1227,2023-04-19,-119.25,48.5,279.0
1228,2023-04-19,-119.25,48.75,279.4
1229,2023-04-19,-119.25,49.0,278.4
1230,2023-04-19,-119.0,48.0,281.746
1231,2023-04-19,-119.0,48.25,280.2
1232,2023-04-19,-119.0,48.5,278.1
1233,2023-04-19,-119.0,48.75,276.8
1234,2023-04-19,-119.0,49.0,278.9
1235,2023-04-20,-122.0,48.0,282.471
1236,2023-04-20,-122.0,48.25,281.371
1237,2023-04-20,-122.0,48.5,280.471
1238,2023-04-20,-122.0,48.75,277.571
1239,2023-04-20,-122.0,49.0,281.071
1240,2023-04-20,-121.75,48.0,279.771
1241,2023-04-20,-121.75,48.25,279.671
1242,2023-04-20,-121.75,48.5,280.571
1243,2023-04-20,-121.75,48.75,274.771
1244,2023-04-20,-121.75,49.0,276.871
1245,2023-04-20,-121.5,48.0,275.371
1246,2023-04-20,-121.5,48.25,278.971
1247,2023-04-20,-121.5,48.5,278.971
1248,2023-04-20,-121.5,48.75,274.471
1249,2023-04-20,-121.5,49.0,274.371
1250,2023-04-20,-121.25,48.0,273.171
1251,2023-04-20,-121.25,48.25,274.871
1252,2023-04-20,-121.25,48.5,275.271
1253,2023-04-20,-121.25,48.75,274.771
1254,2023-04-20,-121.25,49.0,274.571
1255,2023-04-20,-121.0,48.0,272.271
1256,2023-04-20,-121.0,48.25,272.171
1257,2023-04-20,-121.0,48.5,273.271
1258,2023-04-20,-121.0,48.75,275.671
1259,2023-04-20,-121.0,49.0,275.671
1260,2023-04-20,-120.75,48.0,273.471
1261,2023-04-20,-120.75,48.25,273.071
1262,2023-04-20,-120.75,48.5,272.671
1263,2023-04-20,-120.75,48.75,272.371
1264,2023-04-20,-120.75,49.0,272.671
1265,2023-04-20,-120.5,48.0,273.671
1266,2023-04-20,-120.5,48.25,273.571
1267,2023-04-20,-120.5,48.5,273.271
1268,2023-04-20,-120.5,48.75,271.338
1269,2023-04-20,-120.5,49.0,271.938
1270,2023-04-20,-120.25,48.0,276.671
1271,2023-04-20,-120.25,48.25,276.538
1272,2023-04-20,-120.25,48.5,278.238
1273,2023-04-20,-120.25,48.75,272.438
1274,2023-04-20,-120.25,49.0,270.171
1275,2023-04-20,-120.0,48.0,280.638
1276,2023-04-20,-120.0,48.25,280.338
1277,2023-04-20,-120.0,48.5,275.638
1278,2023-04-20,-120.0,48.75,271.938
1279,2023-04-20,-120.0,49.0,271.071
1280,2023-04-20,-119.75,48.0,282.438
1281,2023-04-20,-119.75,48.25,281.838
1282,2023-04-20,-119.75,48.5,277.238
1283,2023-04-20,-119.75,48.75,276.238
1284,2023-04-20,-119.75,49.0,276.638
1285,2023-04-20,-119.5,48.0,282.538
1286,2023-04-20,-119.5,48.25,282.438
1287,2023-04-20,-119.5,48.5,282.138
1288,2023-04-20,-119.5,48.75,282.338
1289,2023-04-20,-119.5,49.0,281.638
1290,2023-04-20,-119.25,48.0,282.138
1291,2023-04-20,-119.25,48.25,280.938
1292,2023-04-20,-119.25,48.5,278.171
1293,2023-04-20,-119.25,48.75,279.238
1294,2023-04-20,-119.25,49.0,278.238
1295,2023-04-20,-119.0,48.0,281.838
1296,2023-04-20,-119.0,48.25,279.871
1297,2023-04-20,-119.0,48.5,277.871
1298,2023-04-20,-119.0,48.75,277.071
1299,2023-04-20,-119.0,49.0,279.371
1300,2023-04-21,-122.0,48.0,281.344
1301,2023-04-21,-122.0,48.25,281.544
1302,2023-04-21,-122.0,48.5,280.144
1303,2023-04-21,-122.0,48.75,277.244
1304,2023-04-21,-122.0,49.0,277.644
1305,2023-04-21,-121.75,48.0,279.644
1306,2023-04-21,-121.75,48.25,279.444
1307,2023-04-21,-121.75,48.5,279.644
1308,2023-04-21,-121.75,48.75,274.644
1309,2023-04-21,-121.75,49.0,274.544
1310,2023-04-21,-121.5,48.0,276.144
1311,2023-04-21,-121.5,48.25,279.644
1312,2023-04-21,-121.5,48.5,278.244
1313,2023-04-21,-121.5,48.75,274.644
1314,2023-04-21,-121.5,49.0,273.844
1315,2023-04-21,-121.25,48.0,273.744
1316,2023-04-21,-121.25,48.25,275.544
1317,2023-04-21,-121.25,48.5,274.844
1318,2023-04-21,-121.25,48.75,274.644
1319,2023-04-21,-121.25,49.0,274.544
1320,2023-04-21,-121.0,48.0,273.544
1321,2023-04-21,-121.0,48.25,272.444
1322,2023-04-21,-121.0,48.5,273.144
1323,2023-04-21,-121.0,48.75,274.944
1324,2023-04-21,-121.0,49.0,274.944
1325,2023-04-21,-120.75,48.0,275.144
1326,2023-04-21,-120.75,48.25,273.844
1327,2023-04-21,-120.75,48.5,273.044
1328,2023-04-21,-120.75,48.75,273.044
1329,2023-04-21,-120.75,49.0,273.344
1330,2023-04-21,-120.5,48.0,275.744
1331,2023-04-21,-120.5,48.25,275.244
1332,2023-04-21,-120.5,48.5,274.444
1333,2023-04-21,-120.5,48.75,273.144
1334,2023-04-21,-120.5,49.0,273.044
1335,2023-04-21,-120.25,48.0,279.344
1336,2023-04-21,-120.25,48.25,278.944
1337,2023-04-21,-120.25,48.5,279.844
1338,2023-04-21,-120.25,48.75,273.944
1339,2023-04-21,-120.25,49.0,271.544
1340,2023-04-21,-120.0,48.0,281.744
1341,2023-04-21,-120.0,48.25,281.644
1342,2023-04-21,-120.0,48.5,277.744
1343,2023-04-21,-120.0,48.75,273.444
1344,2023-04-21,-120.0,49.0,272.144
1345,2023-04-21,-119.75,48.0,282.644
1346,2023-04-21,-119.75,48.25,282.044
1347,2023-04-21,-119.75,48.5,278.444
1348,2023-04-21,-119.75,48.75,276.944
1349,2023-04-21,-119.75,49.0,278.044
1350,2023-04-21,-119.5,48.0,282.444
1351,2023-04-21,-119.5,48.25,282.444
1352,2023-04-21,-119.5,48.5,282.144
1353,2023-04-21,-119.5,48.75,282.144
1354,2023-04-21,-119.5,49.0,283.044
1355,2023-04-21,-119.25,48.0,281.944
1356,2023-04-21,-119.25,48.25,281.144
1357,2023-04-21,-119.25,48.5,279.644
1358,2023-04-21,-119.25,48.75,280.444
1359,2023-04-21,-119.25,49.0,280.044
1360,2023-04-21,-119.0,48.0,281.544
1361,2023-04-21,-119.0,48.25,280.244
1362,2023-04-21,-119.0,48.5,279.744
1363,2023-04-21,-119.0,48.75,278.644
1364,2023-04-21,-119.0,49.0,280.644
1365,2023-04-22,-122.0,48.0,286.498
1366,2023-04-22,-122.0,48.25,284.698
1367,2023-04-22,-122.0,48.5,281.498
1368,2023-04-22,-122.0,48.75,278.898
1369,2023-04-22,-122.0,49.0,281.198
1370,2023-04-22,-121.75,48.0,282.798
1371,2023-04-22,-121.75,48.25,281.398
1372,2023-04-22,-121.75,48.5,280.198
1373,2023-04-22,-121.75,48.75,276.698
1374,2023-04-22,-121.75,49.0,279.298
1375,2023-04-22,-121.5,48.0,277.998
1376,2023-04-22,-121.5,48.25,281.198
1377,2023-04-22,-121.5,48.5,280.898
1378,2023-04-22,-121.5,48.75,276.998
1379,2023-04-22,-121.5,49.0,277.898
1380,2023-04-22,-121.25,48.0,276.098
1381,2023-04-22,-121.25,48.25,279.098
1382,2023-04-22,-121.25,48.5,278.998
1383,2023-04-22,-121.25,48.75,277.198
1384,2023-04-22,-121.25,49.0,277.298
1385,2023-04-22,-121.0,48.0,276.098
1386,2023-04-22,-121.0,48.25,276.198
1387,2023-04-22,-121.0,48.5,276.298
1388,2023-04-22,-121.0,48.75,277.798
1389,2023-04-22,-121.0,49.0,277.298
1390,2023-04-22,-120.75,48.0,276.998
1391,2023-04-22,-120.75,48.25,276.898
1392,2023-04-22,-120.75,48.5,275.798
1393,2023-04-22,-120.75,48.75,275.798
1394,2023-04-22,-120.75,49.0,275.498
1395,2023-04-22,-120.5,48.0,277.398
1396,2023-04-22,-120.5,48.25,276.898
1397,2023-04-22,-120.5,48.5,276.298
1398,2023-04-22,-120.5,48.75,274.498
1399,2023-04-22,-120.5,49.0,275.198
1400,2023-04-22,-120.25,48.0,280.398
1401,2023-04-22,-120.25,48.25,278.998
1402,2023-04-22,-120.25,48.5,280.798
1403,2023-04-22,-120.25,48.75,274.998
1404,2023-04-22,-120.25,49.0,273.398
1405,2023-04-22,-120.0,48.0,283.598
1406,2023-04-22,-120.0,48.25,282.298
1407,2023-04-22,-120.0,48.5,278.598
1408,2023-04-22,-120.0,48.75,274.398
1409,2023-04-22,-120.0,49.0,274.098
1410,2023-04-22,-119.75,48.0,284.798
1411,2023-04-22,-119.75,48.25,283.998
1412,2023-04-22,-119.75,48.5,279.898
1413,2023-04-22,-119.75,48.75,278.398
1414,2023-04-22,-119.75,49.0,278.398
1415,2023-04-22,-119.5,48.0,284.698
1416,2023-04-22,-119.5,48.25,284.898
1417,2023-04-22,-119.5,48.5,284.598
1418,2023-04-22,-119.5,48.75,284.498
1419,2023-04-22,-119.5,49.0,282.698
1420,2023-04-22,-119.25,48.0,284.398
1421,2023-04-22,-119.25,48.25,283.498
1422,2023-04-22,-119.25,48.5,281.298
1423,2023-04-22,-119.25,48.75,281.898
1424,2023-04-22,-119.25,49.0,279.998
1425,2023-04-22,-119.0,48.0,284.798
1426,2023-04-22,-119.0,48.25,282.698
1427,2023-04-22,-119.0,48.5,280.198
1428,2023-04-22,-119.0,48.75,278.998
1429,2023-04-22,-119.0,49.0,280.498
1430,2023-04-23,-122.0,48.0,287.3
1431,2023-04-23,-122.0,48.25,285.0
1432,2023-04-23,-122.0,48.5,283.6
1433,2023-04-23,-122.0,48.75,281.8
1434,2023-04-23,-122.0,49.0,282.4
1435,2023-04-23,-121.75,48.0,283.8
1436,2023-04-23,-121.75,48.25,282.5
1437,2023-04-23,-121.75,48.5,283.6
1438,2023-04-23,-121.75,48.75,278.6
1439,2023-04-23,-121.75,49.0,278.5
1440,2023-04-23,-121.5,48.0,279.9
1441,2023-04-23,-121.5,48.25,282.4
1442,2023-04-23,-121.5,48.5,282.6
1443,2023-04-23,-121.5,48.75,278.3
1444,2023-04-23,-121.5,49.0,277.0
1445,2023-04-23,-121.25,48.0,277.4
1446,2023-04-23,-121.25,48.25,279.4
1447,2023-04-23,-121.25,48.5,280.0
1448,2023-04-23,-121.25,48.75,277.9
1449,2023-04-23,-121.25,49.0,276.6
1450,2023-04-23,-121.0,48.0,276.6
1451,2023-04-23,-121.0,48.25,277.0
1452,2023-04-23,-121.0,48.5,277.3
1453,2023-04-23,-121.0,48.75,277.4
1454,2023-04-23,-121.0,49.0,276.8
1455,2023-04-23,-120.75,48.0,276.5
1456,2023-04-23,-120.75,48.25,277.2
1457,2023-04-23,-120.75,48.5,276.0
1458,2023-04-23,-120.75,48.75,275.4
1459,2023-04-23,-120.75,49.0,275.3
1460,2023-04-23,-120.5,48.0,276.9
1461,2023-04-23,-120.5,48.25,276.2
1462,2023-04-23,-120.5,48.5,275.3
1463,2023-04-23,-120.5,48.75,274.0
1464,2023-04-23,-120.5,49.0,274.658
1465,2023-04-23,-120.25,48.0,279.9
1466,2023-04-23,-120.25,48.25,278.4
1467,2023-04-23,-120.25,48.5,280.0
1468,2023-04-23,-120.25,48.75,274.5
1469,2023-04-23,-120.25,49.0,273.758
1470,2023-04-23,-120.0,48.0,283.6
1471,2023-04-23,-120.0,48.25,282.6
1472,2023-04-23,-120.0,48.5,278.6
1473,2023-04-23,-120.0,48.75,274.458
1474,2023-04-23,-120.0,49.0,274.3
1475,2023-04-23,-119.75,48.0,285.3
1476,2023-04-23,-119.75,48.25,284.5
1477,2023-04-23,-119.75,48.5,280.2
1478,2023-04-23,-119.75,48.75,278.8
1479,2023-04-23,-119.75,49.0,279.1
1480,2023-04-23,-119.5,48.0,285.2
1481,2023-04-23,-119.5,48.25,285.0
1482,2023-04-23,-119.5,48.5,284.6
1483,2023-04-23,-119.5,48.75,284.5
1484,2023-04-23,-119.5,49.0,283.5
1485,2023-04-23,-119.25,48.0,284.7
1486,2023-04-23,-119.25,48.25,283.5
1487,2023-04-23,-119.25,48.5,281.1
1488,2023-04-23,-119.25,48.75,281.9
1489,2023-04-23,-119.25,49.0,280.3
1490,2023-04-23,-119.0,48.0,284.5
1491,2023-04-23,-119.0,48.25,282.4
1492,2023-04-23,-119.0,48.5,280.0
1493,2023-04-23,-119.0,48.75,278.9
1494,2023-04-23,-119.0,49.0,280.4
1495,2023-04-24,-122.0,48.0,281.754
1496,2023-04-24,-122.0,48.25,281.554
1497,2023-04-24,-122.0,48.5,279.654
1498,2023-04-24,-122.0,48.75,277.454
1499,2023-04-24,-122.0,49.0,279.654
1500,2023-04-24,-121.75,48.0,279.354
1501,2023-04-24,-121.75,48.25,279.554
1502,2023-04-24,-121.75,48.5,280.354
1503,2023-04-24,-121.75,48.75,275.741
1504,2023-04-24,-121.75,49.0,276.054
1505,2023-04-24,-121.5,48.0,276.254
1506,2023-04-24,-121.5,48.25,280.054
1507,2023-04-24,-121.5,48.5,280.454
1508,2023-04-24,-121.5,48.75,276.054
1509,2023-04-24,-121.5,49.0,275.254
1510,2023-04-24,-121.25,48.0,274.241
1511,2023-04-24,-121.25,48.25,276.354
1512,2023-04-24,-121.25,48.5,276.654
1513,2023-04-24,-121.25,48.75,276.241
1514,2023-04-24,-121.25,49.0,275.954
1515,2023-04-24,-121.0,48.0,274.741
1516,2023-04-24,-121.0,48.25,273.841
1517,2023-04-24,-121.0,48.5,274.141
1518,2023-04-24,-121.0,48.75,276.354
1519,2023-04-24,-121.0,49.0,276.254
1520,2023-04-24,-120.75,48.0,276.954
1521,2023-04-24,-120.75,48.25,275.254
1522,2023-04-24,-120.75,48.5,274.141
1523,2023-04-24,-120.75,48.75,274.341
1524,2023-04-24,-120.75,49.0,274.554
1525,2023-04-24,-120.5,48.0,277.954
1526,2023-04-24,-120.5,48.25,277.054
1527,2023-04-24,-120.5,48.5,276.354
1528,2023-04-24,-120.5,48.75,274.554
1529,2023-04-24,-120.5,49.0,273.941
1530,2023-04-24,-120.25,48.0,282.254
1531,2023-04-24,-120.25,48.25,281.554
1532,2023-04-24,-120.25,48.5,282.054
1533,2023-04-24,-120.25,48.75,275.554
1534,2023-04-24,-120.25,49.0,273.341
1535,2023-04-24,-120.0,48.0,286.054
1536,2023-04-24,-120.0,48.25,285.554
1537,2023-04-24,-120.0,48.5,280.354
1538,2023-04-24,-120.0,48.75,275.554
1539,2023-04-24,-120.0,49.0,273.954
1540,2023-04-24,-119.75,48.0,287.254
1541,2023-04-24,-119.75,48.25,287.154
1542,2023-04-24,-119.75,48.5,282.254
1543,2023-04-24,-119.75,48.75,280.654
1544,2023-04-24,-119.75,49.0,280.054
1545,2023-04-24,-119.5,48.0,287.554
1546,2023-04-24,-119.5,48.25,287.254
1547,2023-04-24,-119.5,48.5,286.254
1548,2023-04-24,-119.5,48.75,286.254
1549,2023-04-24,-119.5,49.0,284.854
1550,2023-04-24,-119.25,48.0,286.554
1551,2023-04-24,-119.25,48.25,285.754
1552,2023-04-24,-119.25,48.5,282.854
1553,2023-04-24,-119.25,48.75,282.954
1554,2023-04-24,-119.25,49.0,281.354
1555,2023-04-24,-119.0,48.0,285.554
1556,2023-04-24,-119.0,48.25,282.654
1557,2023-04-24,-119.0,48.5,281.454
1558,2023-04-24,-119.0,48.75,280.054
1559,2023-04-24,-119.0,49.0,282.554
1560,2023-04-25,-122.0,48.0,286.11
1561,2023-04-25,-122.0,48.25,285.21
1562,2023-04-25,-122.0,48.5,284.31
1563,2023-04-25,-122.0,48.75,282.81
1564,2023-04-25,-122.0,49.0,283.31
1565,2023-04-25,-121.75,48.0,285.41
1566,2023-04-25,-121.75,48.25,284.91
1567,2023-04-25,-121.75,48.5,285.91
1568,2023-04-25,-121.75,48.75,279.21
1569,2023-04-25,-121.75,49.0,279.71
1570,2023-04-25,-121.5,48.0,280.71
1571,2023-04-25,-121.5,48.25,284.31
1572,2023-04-25,-121.5,48.5,283.61
1573,2023-04-25,-121.5,48.75,278.61
1574,2023-04-25,-121.5,49.0,278.41
1575,2023-04-25,-121.25,48.0,277.21
1576,2023-04-25,-121.25,48.25,279.01
1577,2023-04-25,-121.25,48.5,279.21
1578,2023-04-25,-121.25,48.75,277.61
1579,2023-04-25,-121.25,49.0,279.41
1580,2023-04-25,-121.0,48.0,278.41
1581,2023-04-25,-121.0,48.25,277.01
1582,2023-04-25,-121.0,48.5,277.21
1583,2023-04-25,-121.0,48.75,278.41
1584,2023-04-25,-121.0,49.0,278.81
1585,2023-04-25,-120.75,48.0,280.81
1586,2023-04-25,-120.75,48.25,279.51
1587,2023-04-25,-120.75,48.5,277.61
1588,2023-04-25,-120.75,48.75,277.31
1589,2023-04-25,-120.75,49.0,276.91
1590,2023-04-25,-120.5,48.0,282.11
1591,2023-04-25,-120.5,48.25,281.31
1592,2023-04-25,-120.5,48.5,280.31
1593,2023-04-25,-120.5,48.75,277.41
1594,2023-04-25,-120.5,49.0,277.71
1595,2023-04-25,-120.25,48.0,285.51
1596,2023-04-25,-120.25,48.25,285.61
1597,2023-04-25,-120.25,48.5,285.11
1598,2023-04-25,-120.25,48.75,279.21
1599,2023-04-25,-120.25,49.0,276.21
1600,2023-04-25,-120.0,48.0,287.01
1601,2023-04-25,-120.0,48.25,286.71
1602,2023-04-25,-120.0,48.5,282.91
1603,2023-04-25,-120.0,48.75,278.61
1604,2023-04-25,-120.0,49.0,278.51
1605,2023-04-25,-119.75,48.0,287.885
1606,2023-04-25,-119.75,48.25,286.685
1607,2023-04-25,-119.75,48.5,283.71
1608,2023-04-25,-119.75,48.75,282.81
1609,2023-04-25,-119.75,49.0,281.71
1610,2023-04-25,-119.5,48.0,287.885
1611,2023-04-25,-119.5,48.25,287.385
1612,2023-04-25,-119.5,48.5,286.71
1613,2023-04-25,-119.5,48.75,286.51
1614,2023-04-25,-119.5,49.0,286.01
1615,2023-04-25,-119.25,48.0,287.385
1616,2023-04-25,-119.25,48.25,286.11
1617,2023-04-25,-119.25,48.5,284.61
1618,2023-04-25,-119.25,48.75,284.51
1619,2023-04-25,-119.25,49.0,283.41
1620,2023-04-25,-119.0,48.0,286.81
1621,2023-04-25,-119.0,48.25,285.81
1622,2023-04-25,-119.0,48.5,284.21
1623,2023-04-25,-119.0,48.75,283.61
1624,2023-04-25,-119.0,49.0,284.71
1625,2023-04-26,-122.0,48.0,289.613
1626,2023-04-26,-122.0,48.25,289.913
1627,2023-04-26,-122.0,48.5,285.213
1628,2023-04-26,-122.0,48.75,283.342
1629,2023-04-26,-122.0,49.0,283.942
1630,2023-04-26,-121.75,48.0,286.413
1631,2023-04-26,-121.75,48.25,285.313
1632,2023-04-26,-121.75,48.5,285.942
1633,2023-04-26,-121.75,48.75,280.142
1634,2023-04-26,-121.75,49.0,280.442
1635,2023-04-26,-121.5,48.0,283.613
1636,2023-04-26,-121.5,48.25,282.913
1637,2023-04-26,-121.5,48.5,284.442
1638,2023-04-26,-121.5,48.75,279.442
1639,2023-04-26,-121.5,49.0,278.442
1640,2023-04-26,-121.25,48.0,281.313
1641,2023-04-26,-121.25,48.25,280.413
1642,2023-04-26,-121.25,48.5,280.242
1643,2023-04-26,-121.25,48.75,278.142
1644,2023-04-26,-121.25,49.0,279.042
1645,2023-04-26,-121.0,48.0,279.413
1646,2023-04-26,-121.0,48.25,278.01
1647,2023-04-26,-121.0,48.5,277.413
1648,2023-04-26,-121.0,48.75,277.042
1649,2023-04-26,-121.0,49.0,278.042
1650,2023-04-26,-120.75,48.0,281.713
1651,2023-04-26,-120.75,48.25,278.942
1652,2023-04-26,-120.75,48.5,277.442
1653,2023-04-26,-120.75,48.75,276.113
1654,2023-04-26,-120.75,49.0,276.113
1655,2023-04-26,-120.5,48.0,283.613
1656,2023-04-26,-120.5,48.25,281.713
1657,2023-04-26,-120.5,48.5,280.513
1658,2023-04-26,-120.5,48.75,277.813
1659,2023-04-26,-120.5,49.0,277.413
1660,2023-04-26,-120.25,48.0,288.513
1661,2023-04-26,-120.25,48.25,286.913
1662,2023-04-26,-120.25,48.5,287.413
1663,2023-04-26,-120.25,48.75,281.013
1664,2023-04-26,-120.25,49.0,278.013
1665,2023-04-26,-120.0,48.0,291.013
1666,2023-04-26,-120.0,48.25,289.613
1667,2023-04-26,-120.0,48.5,285.713
1668,2023-04-26,-120.0,48.75,280.913
1669,2023-04-26,-120.0,49.0,280.613
1670,2023-04-26,-119.75,48.0,290.613
1671,2023-04-26,-119.75,48.25,289.113
1672,2023-04-26,-119.75,48.5,289.313
1673,2023-04-26,-119.75,48.75,286.513
1674,2023-04-26,-119.75,49.0,286.113
1675,2023-04-26,-119.5,48.0,290.713
1676,2023-04-26,-119.5,48.25,289.413
1677,2023-04-26,-119.5,48.5,289.713
1678,2023-04-26,-119.5,48.75,290.213
1679,2023-04-26,-119.5,49.0,288.113
1680,2023-04-26,-119.25,48.0,289.913
1681,2023-04-26,-119.25,48.25,288.613
1682,2023-04-26,-119.25,48.5,287.713
1683,2023-04-26,-119.25,48.75,287.913
1684,2023-04-26,-119.25,49.0,285.313
1685,2023-04-26,-119.0,48.0,289.713
1686,2023-04-26,-119.0,48.25,288.213
1687,2023-04-26,-119.0,48.5,287.213
1688,2023-04-26,-119.0,48.75,287.113
1689,2023-04-26,-119.0,49.0,287.713
1690,2023-04-27,-122.0,48.0,291.235
1691,2023-04-27,-122.0,48.25,292.335
1692,2023-04-27,-122.0,48.5,292.335
1693,2023-04-27,-122.0,48.75,289.835
1694,2023-04-27,-122.0,49.0,290.235
1695,2023-04-27,-121.75,48.0,292.435
1696,2023-04-27,-121.75,48.25,292.135
1697,2023-04-27,-121.75,48.5,292.235
1698,2023-04-27,-121.75,48.75,287.235
1699,2023-04-27,-121.75,49.0,286.835
1700,2023-04-27,-121.5,48.0,288.535
1701,2023-04-27,-121.5,48.25,291.035
1702,2023-04-27,-121.5,48.5,290.235
1703,2023-04-27,-121.5,48.75,286.235
1704,2023-04-27,-121.5,49.0,285.835
1705,2023-04-27,-121.25,48.0,286.735
1706,2023-04-27,-121.25,48.25,287.535
1707,2023-04-27,-121.25,48.5,287.835
1708,2023-04-27,-121.25,48.75,285.535
1709,2023-04-27,-121.25,49.0,285.535
1710,2023-04-27,-121.0,48.0,286.235
1711,2023-04-27,-121.0,48.25,285.035
1712,2023-04-27,-121.0,48.5,285.335
1713,2023-04-27,-121.0,48.75,285.235
1714,2023-04-27,-121.0,49.0,287.235
1715,2023-04-27,-120.75,48.0,286.835
1716,2023-04-27,-120.75,48.25,285.535
1717,2023-04-27,-120.75,48.5,285.035
1718,2023-04-27,-120.75,48.75,283.935
1719,2023-04-27,-120.75,49.0,284.235
1720,2023-04-27,-120.5,48.0,287.335
1721,2023-04-27,-120.5,48.25,286.535
1722,2023-04-27,-120.5,48.5,286.235
1723,2023-04-27,-120.5,48.75,282.935
1724,2023-04-27,-120.5,49.0,282.635
1725,2023-04-27,-120.25,48.0,289.635
1726,2023-04-27,-120.25,48.25,289.535
1727,2023-04-27,-120.25,48.5,290.535
1728,2023-04-27,-120.25,48.75,284.335
1729,2023-04-27,-120.25,49.0,281.035
1730,2023-04-27,-120.0,48.0,291.135
1731,2023-04-27,-120.0,48.25,291.235
1732,2023-04-27,-120.0,48.5,288.435
1733,2023-04-27,-120.0,48.75,284.235
1734,2023-04-27,-120.0,49.0,281.635
1735,2023-04-27,-119.75,48.0,291.683
1736,2023-04-27,-119.75,48.25,290.635
1737,2023-04-27,-119.75,48.5,289.435
1738,2023-04-27,-119.75,48.75,287.235
1739,2023-04-27,-119.75,49.0,286.335
1740,2023-04-27,-119.5,48.0,291.683
1741,2023-04-27,-119.5,48.25,290.783
1742,2023-04-27,-119.5,48.5,291.283
1743,2023-04-27,-119.5,48.75,291.083
1744,2023-04-27,-119.5,49.0,291.135
1745,2023-04-27,-119.25,48.0,291.683
1746,2023-04-27,-119.25,48.25,291.435
1747,2023-04-27,-119.25,48.5,288.635
1748,2023-04-27,-119.25,48.75,288.535
1749,2023-04-27,-119.25,49.0,287.935
1750,2023-04-27,-119.0,48.0,291.783
1751,2023-04-27,-119.0,48.25,292.735
1752,2023-04-27,-119.0,48.5,288.935
1753,2023-04-27,-119.0,48.75,287.035
1754,2023-04-27,-119.0,49.0,288.535
1755,2023-04-28,-122.0,48.0,296.064
1756,2023-04-28,-122.0,48.25,298.064
1757,2023-04-28,-122.0,48.5,298.864
1758,2023-04-28,-122.0,48.75,296.064
1759,2023-04-28,-122.0,49.0,296.464
1760,2023-04-28,-121.75,48.0,299.264
1761,2023-04-28,-121.75,48.25,299.164
1762,2023-04-28,-121.75,48.5,298.364
1763,2023-04-28,-121.75,48.75,293.764
1764,2023-04-28,-121.75,49.0,293.964
1765,2023-04-28,-121.5,48.0,294.164
1766,2023-04-28,-121.5,48.25,297.664
1767,2023-04-28,-121.5,48.5,297.964
1768,2023-04-28,-121.5,48.75,292.964
1769,2023-04-28,-121.5,49.0,292.164
1770,2023-04-28,-121.25,48.0,289.664
1771,2023-04-28,-121.25,48.25,292.664
1772,2023-04-28,-121.25,48.5,293.764
1773,2023-04-28,-121.25,48.75,292.364
1774,2023-04-28,-121.25,49.0,290.864
1775,2023-04-28,-121.0,48.0,287.564
1776,2023-04-28,-121.0,48.25,287.964
1777,2023-04-28,-121.0,48.5,288.064
1778,2023-04-28,-121.0,48.75,290.564
1779,2023-04-28,-121.0,49.0,291.064
1780,2023-04-28,-120.75,48.0,288.164
1781,2023-04-28,-120.75,48.25,287.364
1782,2023-04-28,-120.75,48.5,286.764
1783,2023-04-28,-120.75,48.75,286.064
1784,2023-04-28,-120.75,49.0,288.264
1785,2023-04-28,-120.5,48.0,287.964
1786,2023-04-28,-120.5,48.25,287.764
1787,2023-04-28,-120.5,48.5,287.064
1788,2023-04-28,-120.5,48.75,284.864
1789,2023-04-28,-120.5,49.0,286.164
1790,2023-04-28,-120.25,48.0,290.564
1791,2023-04-28,-120.25,48.25,290.464
1792,2023-04-28,-120.25,48.5,291.164
1793,2023-04-28,-120.25,48.75,287.164
1794,2023-04-28,-120.25,49.0,284.364
1795,2023-04-28,-120.0,48.0,293.064
1796,2023-04-28,-120.0,48.25,291.864
1797,2023-04-28,-120.0,48.5,289.064
1798,2023-04-28,-120.0,48.75,286.164
1799,2023-04-28,-120.0,49.0,284.664
1800,2023-04-28,-119.75,48.0,293.564
1801,2023-04-28,-119.75,48.25,291.964
1802,2023-04-28,-119.75,48.5,290.964
1803,2023-04-28,-119.75,48.75,289.264
1804,2023-04-28,-119.75,49.0,288.464
1805,2023-04-28,-119.5,48.0,293.864
1806,2023-04-28,-119.5,48.25,293.164
1807,2023-04-28,-119.5,48.5,293.064
1808,2023-04-28,-119.5,48.75,292.864
1809,2023-04-28,-119.5,49.0,292.364
1810,2023-04-28,-119.25,48.0,293.764
1811,2023-04-28,-119.25,48.25,292.764
1812,2023-04-28,-119.25,48.5,291.764
1813,2023-04-28,-119.25,48.75,291.364
1814,2023-04-28,-119.25,49.0,290.764
1815,2023-04-28,-119.0,48.0,293.564
1816,2023-04-28,-119.0,48.25,292.764
1817,2023-04-28,-119.0,48.5,292.064
1818,2023-04-28,-119.0,48.75,291.164
1819,2023-04-28,-119.0,49.0,293.164
1820,2023-04-29,-122.0,48.0,297.25
1821,2023-04-29,-122.0,48.25,297.451
1822,2023-04-29,-122.0,48.5,298.601
1823,2023-04-29,-122.0,48.75,295.611
1824,2023-04-29,-122.0,49.0,296.171
1825,2023-04-29,-121.75,48.0,297.871
1826,2023-04-29,-121.75,48.25,297.461
1827,2023-04-29,-121.75,48.5,297.821
1828,2023-04-29,-121.75,48.75,293.35
1829,2023-04-29,-121.75,49.0,293.95
1830,2023-04-29,-121.5,48.0,294.55
1831,2023-04-29,-121.5,48.25,297.45
1832,2023-04-29,-121.5,48.5,297.15
1833,2023-04-29,-121.5,48.75,293.35
1834,2023-04-29,-121.5,49.0,292.75
1835,2023-04-29,-121.25,48.0,293.15
1836,2023-04-29,-121.25,48.25,294.15
1837,2023-04-29,-121.25,48.5,293.95
1838,2023-04-29,-121.25,48.75,292.95
1839,2023-04-29,-121.25,49.0,292.55
1840,2023-04-29,-121.0,48.0,292.25
1841,2023-04-29,-121.0,48.25,290.75
1842,2023-04-29,-121.0,48.5,290.65
1843,2023-04-29,-121.0,48.75,291.95
1844,2023-04-29,-121.0,49.0,292.25
1845,2023-04-29,-120.75,48.0,292.75
1846,2023-04-29,-120.75,48.25,291.35
1847,2023-04-29,-120.75,48.5,289.85
1848,2023-04-29,-120.75,48.75,289.35
1849,2023-04-29,-120.75,49.0,289.55
1850,2023-04-29,-120.5,48.0,292.45
1851,2023-04-29,-120.5,48.25,291.65
1852,2023-04-29,-120.5,48.5,290.45
1853,2023-04-29,-120.5,48.75,287.55
1854,2023-04-29,-120.5,49.0,287.95
1855,2023-04-29,-120.25,48.0,293.95
1856,2023-04-29,-120.25,48.25,293.75
1857,2023-04-29,-120.25,48.5,293.85
1858,2023-04-29,-120.25,48.75,289.25
1859,2023-04-29,-120.25,49.0,286.35
1860,2023-04-29,-120.0,48.0,295.95
1861,2023-04-29,-120.0,48.25,294.95
1862,2023-04-29,-120.0,48.5,291.65
1863,2023-04-29,-120.0,48.75,288.25
1864,2023-04-29,-120.0,49.0,286.85
1865,2023-04-29,-119.75,48.0,296.55
1866,2023-04-29,-119.75,48.25,294.95
1867,2023-04-29,-119.75,48.5,293.75
1868,2023-04-29,-119.75,48.75,292.45
1869,2023-04-29,-119.75,49.0,291.95
1870,2023-04-29,-119.5,48.0,296.75
1871,2023-04-29,-119.5,48.25,296.15
1872,2023-04-29,-119.5,48.5,295.95
1873,2023-04-29,-119.5,48.75,296.05
1874,2023-04-29,-119.5,49.0,295.55
1875,2023-04-29,-119.25,48.0,296.65
1876,2023-04-29,-119.25,48.25,295.75
1877,2023-04-29,-119.25,48.5,294.35
1878,2023-04-29,-119.25,48.75,294.25
1879,2023-04-29,-119.25,49.0,293.65
1880,2023-04-29,-119.0,48.0,296.75
1881,2023-04-29,-119.0,48.25,295.35
1882,2023-04-29,-119.0,48.5,294.55
1883,2023-04-29,-119.0,48.75,294.35
1884,2023-04-29,-119.0,49.0,296.45
1885,2023-04-30,-122.0,48.0,297.13
1886,2023-04-30,-122.0,48.25,294.84
1887,2023-04-30,-122.0,48.5,295.41
1888,2023-04-30,-122.0,48.75,293.34
1889,2023-04-30,-122.0,49.0,293.76
1890,2023-04-30,-121.75,48.0,294.89
1891,2023-04-30,-121.75,48.25,294.91
1892,2023-04-30,-121.75,48.5,296.17
1893,2023-04-30,-121.75,48.75,291.85
1894,2023-04-30,-121.75,49.0,291.72
1895,2023-04-30,-121.5,48.0,292.47
1896,2023-04-30,-121.5,48.25,295.81
1897,2023-04-30,-121.5,48.5,295.62
1898,2023-04-30,-121.5,48.75,292.4
1899,2023-04-30,-121.5,49.0,290.92
1900,2023-04-30,-121.25,48.0,290.42
1901,2023-04-30,-121.25,48.25,292.3
1902,2023-04-30,-121.25,48.5,292.57
1903,2023-04-30,-121.25,48.75,291.81
1904,2023-04-30,-121.25,49.0,290.43
1905,2023-04-30,-121.0,48.0,289.73
1906,2023-04-30,-121.0,48.25,288.97
1907,2023-04-30,-121.0,48.5,288.91
1908,2023-04-30,-121.0,48.75,290.42
1909,2023-04-30,-121.0,49.0,290.36
1910,2023-04-30,-120.75,48.0,289.46
1911,2023-04-30,-120.75,48.25,288.89
1912,2023-04-30,-120.75,48.5,287.8
1913,2023-04-30,-120.75,48.75,286.62
1914,2023-04-30,-120.75,49.0,287.49
1915,2023-04-30,-120.5,48.0,290.42
1916,2023-04-30,-120.5,48.25,289.17
1917,2023-04-30,-120.5,48.5,288.42
1918,2023-04-30,-120.5,48.75,283.92
1919,2023-04-30,-120.5,49.0,285.55
1920,2023-04-30,-120.25,48.0,293.97
1921,2023-04-30,-120.25,48.25,292.91
1922,2023-04-30,-120.25,48.5,294.14
1923,2023-04-30,-120.25,48.75,284.98
1924,2023-04-30,-120.25,49.0,283.7
1925,2023-04-30,-120.0,48.0,296.56
1926,2023-04-30,-120.0,48.25,295.18
1927,2023-04-30,-120.0,48.5,291.5
1928,2023-04-30,-120.0,48.75,284.45
1929,2023-04-30,-120.0,49.0,282.99
1930,2023-04-30,-119.75,48.0,297.82
1931,2023-04-30,-119.75,48.25,295.9
1932,2023-04-30,-119.75,48.5,293.94
1933,2023-04-30,-119.75,48.75,291.26
1934,2023-04-30,-119.75,49.0,291.18
1935,2023-04-30,-119.5,48.0,298.07
1936,2023-04-30,-119.5,48.25,297.05
1937,2023-04-30,-119.5,48.5,296.41
1938,2023-04-30,-119.5,48.75,296.3
1939,2023-04-30,-119.5,49.0,295.76
1940,2023-04-30,-119.25,48.0,297.57
1941,2023-04-30,-119.25,48.25,296.47
1942,2023-04-30,-119.25,48.5,294.04
1943,2023-04-30,-119.25,48.75,294.21
1944,2023-04-30,-119.25,49.0,293.26
1945,2023-04-30,-119.0,48.0,297.39
1946,2023-04-30,-119.0,48.25,295.76
1947,2023-04-30,-119.0,48.5,293.47
1948,2023-04-30,-119.0,48.75,293.43
1949,2023-04-30,-119.0,49.0,294.74
